,ticker,name,match_rate,match_count,whole_count,average_volume,average_price
1,1305.T,ダイワ上場投信－トピックス,0.6,36,60,385807.8333333333,2045.6
2,1306.T,ＮＥＸＴ　ＦＵＮＤＳ　ＴＯＰＩＸ連動型上場投信,0.6833333333333333,41,60,2540981.0,2022.6
3,1308.T,上場インデックスファンドＴＯＰＩＸ,0.6833333333333333,41,60,369396.6666666667,2001.0833333333333
10,1321.T,ＮＥＸＴ　ＦＵＮＤＳ　日経２２５連動型上場投信,0.6166666666666667,37,60,341624.5333333333,30419.333333333332
20,1332.T,日本水産,0.5833333333333334,35,60,1969195.0,525.1666666666666
22,1343.T,ＮＥＸＴ　ＦＵＮＤＳ　東証ＲＥＩＴ指数連動型上場投信,0.7333333333333333,44,60,404096.0,2119.8
29,1356.T,ＴＯＰＩＸベア２倍上場投信,0.6666666666666666,40,60,410157.6666666667,1201.5833333333333
30,1357.T,ＮＥＸＴ　ＦＵＮＤＳ　日経平均ダブルインバース・インデックス連動型上場投信,0.6166666666666667,37,60,61344471.483333334,415.71666666666664
32,1360.T,日経平均ベア２倍上場投信,0.6166666666666667,37,60,9952026.166666666,1013.0666666666667
35,1366.T,ダイワ上場投信－日経平均ダブルインバース・インデックス,0.5833333333333334,35,60,663503.3,1085.3
61,1400.T,ルーデン・ホールディングス,0.45,27,60,392330.0,341.53333333333336
63,1407.T,ウエストホールディングス,0.6666666666666666,40,60,449353.61666666664,3284.4230794270834
66,1417.T,ミライト・ホールディングス,0.7166666666666667,43,60,272260.0,1779.4833333333333
68,1419.T,タマホーム,0.65,39,60,276965.0,2126.5333333333333
76,1435.T,ＴＡＴＥＲＵ,0.6333333333333333,38,60,287021.6666666667,183.78333333333333
83,1447.T,ＩＴｂｏｏｋホールディングス,0.65,39,60,284363.3333333333,462.98333333333335
90,1458.T,楽天ＥＴＦ‐日経レバレッジ指数連動型,0.5333333333333333,32,60,882662.35,19268.333333333332
91,1459.T,楽天ＥＴＦ‐日経ダブルインバース指数連動型,0.6,36,60,3201841.816666667,1656.0166666666667
111,1482.T,ｉシェアーズ・コア　米国債７－１０年　ＥＴＦ（為替ヘッジあり）,0.6666666666666666,40,60,209115.58333333334,2352.3166666666666
120,1491.T,中外鉱業,0.8,48,60,2115723.3333333335,33.483333333333334
129,1514.T,住石ホールディングス,0.75,45,60,2925041.6666666665,120.75
141,1552.T,国際のＥＴＦ　ＶＩＸ短期先物指数,0.6,36,60,896075.2833333333,4547.916666666667
152,1570.T,ＮＥＸＴ　ＦＵＮＤＳ　日経平均レバレッジ・インデックス連動型上場投信,0.48333333333333334,29,60,3611419.85,32276.166666666668
153,1571.T,ＮＥＸＴ　ＦＵＮＤＳ　日経平均インバース・インデックス連動型上場投信,0.5,30,60,811942.7333333333,1008.2166666666667
161,1579.T,日経平均ブル２倍上場投信,0.6333333333333333,38,60,555505.3333333334,22967.0
169,1595.T,ＮＺＡＭ　上場投信　東証ＲＥＩＴ指数,0.5666666666666667,34,60,332221.5,2011.9666666666667
174,1605.T,国際石油開発帝石,0.4666666666666667,28,60,11947535.0,764.7333333333333
175,1615.T,ＮＥＸＴ　ＦＵＮＤＳ　東証銀行業株価指数連動型上場投信,0.6333333333333333,38,60,4293318.333333333,149.81666666666666
203,1662.T,石油資源開発,0.6833333333333333,41,60,245148.33333333334,2186.4666666666667
206,1671.T,ＷＴＩ原油価格連動型上場投信,0.5333333333333333,32,60,2067578.25,1264.4
213,1678.T,ＮＥＸＴ　ＦＵＮＤＳ　インド株式指数・Ｎｉｆｔｙ　５０連動型上場投信,0.5166666666666667,31,60,674606.6666666666,194.98333333333332
223,1689.T,ＷｉｓｄｏｍＴｒｅｅ　天然ガス上場投資信託,0.8833333333333333,53,60,7243331.0344827585,1.6379310344827587
229,1695.T,ＷｉｓｄｏｍＴｒｅｅ　小麦上場投資信託,0.7166666666666667,43,60,268039.6551724138,77.75862068965517
233,1699.T,ＮＥＸＴ　ＦＵＮＤＳ　ＮＯＭＵＲＡ原油インデックス連動型上場投信,0.55,33,60,8241987.166666667,155.21666666666667
239,1719.T,安藤・間,0.6833333333333333,41,60,657386.6666666666,840.3166666666667
240,1720.T,東急建設,0.7166666666666667,43,60,312515.0,584.05
241,1721.T,コムシスホールディングス,0.7166666666666667,43,60,482748.3333333333,3364.1666666666665
244,1726.T,ビーアールホールディングス,0.6166666666666667,37,60,216166.66666666666,631.9833333333333
251,1757.T,クレアホールディングス,0.6833333333333333,41,60,2305210.0,78.06666666666666
258,1773.T,ワイ・ティー・エル・コーポレーション・バーハッド,0.7833333333333333,47,60,203433.33333333334,18.733333333333334
263,1783.T,アジアゲートホールディングス,0.7666666666666667,46,60,278528.3333333333,47.63333333333333
266,1789.T,ＥＴＳホールディングス,0.5833333333333334,35,60,260978.33333333334,991.2666666666667
271,1801.T,大成建設,0.75,45,60,740958.3333333334,4066.5833333333335
272,1802.T,大林組,0.7333333333333333,44,60,2717453.3333333335,991.45
273,1803.T,清水建設,0.6166666666666667,37,60,2521156.6666666665,872.4333333333333
276,1808.T,長谷工コーポレーション,0.7166666666666667,43,60,1502243.3333333333,1488.7
279,1812.T,鹿島建設,0.7333333333333333,44,60,1758178.3333333333,1516.9166666666667
283,1820.T,西松建設,0.5666666666666667,34,60,446548.3333333333,2800.1666666666665
284,1821.T,三井住友建設,0.6333333333333333,38,60,804080.0,493.1333333333333
286,1824.T,前田建設工業,0.75,45,60,783633.3333333334,965.4666666666667
292,1840.T,土屋ホールディングス,0.6166666666666667,37,60,206120.0,171.88333333333333
300,1860.T,戸田建設,0.75,45,60,438710.0,799.7666666666667
301,1861.T,熊谷組,0.5666666666666667,34,60,217286.66666666666,2997.3166666666666
307,1878.T,大東建託,0.6666666666666666,40,60,342116.6666666667,12073.0
311,1883.T,前田道路,0.6833333333333333,41,60,298853.3333333333,2136.6666666666665
316,1890.T,東洋建設,0.6833333333333333,41,60,471201.6666666667,576.4833333333333
317,1893.T,五洋建設,0.6333333333333333,38,60,1202403.3333333333,859.75
324,1911.T,住友林業,0.7666666666666667,46,60,724750.0,2315.766666666667
327,1925.T,大和ハウス工業,0.6166666666666667,37,60,1588298.3333333333,3260.633333333333
329,1928.T,積水ハウス,0.6666666666666666,40,60,1868246.6666666667,2230.4666666666667
336,1942.T,関電工,0.6333333333333333,38,60,414031.6666666667,951.0
337,1944.T,きんでん,0.5833333333333334,35,60,340918.3333333333,1853.0666666666666
343,1951.T,協和エクシオ,0.6666666666666666,40,60,380661.6666666667,2883.1
348,1961.T,三機工業,0.65,39,60,249215.0,1394.4
349,1963.T,日揮ホールディングス,0.6333333333333333,38,60,1659926.6666666667,1337.4333333333334
358,1973.T,ＮＥＣネッツエスアイ,0.6333333333333333,38,60,391718.3333333333,1909.4666666666667
369,2002.T,日清製粉グループ本社,0.7666666666666667,46,60,593376.6666666666,1812.4333333333334
377,2035.T,ＮＥＸＴ　ＮＯＴＥＳ　日経平均ＶＩ先物指数　ＥＴＮ,0.6833333333333333,41,60,1399422.5833333333,787.0333333333333
380,2038.T,ＮＥＸＴ　ＮＯＴＥＳ　ドバイ原油先物　ダブル・ブル　ＥＴＮ,0.5833333333333334,35,60,12376809.516666668,456.23333333333335
409,2120.T,ＬＩＦＵＬＬ,0.7166666666666667,43,60,414093.3333333333,414.25
410,2121.T,ミクシィ,0.6166666666666667,37,60,486838.3333333333,2752.5
413,2127.T,日本Ｍ＆Ａセンター,0.6333333333333333,38,60,1298246.6666666667,3007.2
415,2134.T,燦キャピタルマネージメント,0.6166666666666667,37,60,1398960.0,50.06666666666667
419,2146.T,ＵＴグループ,0.6833333333333333,41,60,202520.0,3544.0
422,2151.T,タケエイ,0.6833333333333333,41,60,209720.0,1279.2
425,2154.T,ビーネックスグループ,0.6333333333333333,38,60,684590.0,1483.6333333333334
427,2157.T,コシダカホールディングス,0.7,42,60,836961.6666666666,566.7
428,2158.T,ＦＲＯＮＴＥＯ,0.6166666666666667,37,60,528475.0,754.95
430,2160.T,ジーエヌアイグループ,0.6166666666666667,37,60,1167390.0,2115.366666666667
436,2170.T,リンクアンドモチベーション,0.6,36,60,332853.3333333333,596.2
438,2174.T,ＧＣＡ,0.6333333333333333,38,60,223801.66666666666,806.3333333333334
439,2175.T,エス・エム・エス,0.75,45,60,287346.6666666667,3452.9
444,2181.T,パーソルホールディングス,0.6166666666666667,37,60,459235.0,2156.9
448,2191.T,テラ,0.75,45,60,548316.6666666666,248.71666666666667
449,2193.T,クックパッド,0.65,39,60,310781.6666666667,316.5
451,2196.T,エスクリ,0.6333333333333333,38,60,335186.6666666667,429.55
460,2212.T,山崎製パン,0.7166666666666667,43,60,605385.0,1831.6666666666667
469,2229.T,カルビー,0.6333333333333333,38,60,561211.6666666666,2851.8333333333335
471,2264.T,森永乳業,0.6333333333333333,38,60,226963.33333333334,5406.666666666667
473,2267.T,ヤクルト本社,0.6333333333333333,38,60,466965.0,5496.166666666667
475,2269.T,明治ホールディングス,0.65,39,60,460660.0,7027.0
478,2282.T,日本ハム,0.6333333333333333,38,60,294818.3333333333,4818.5
485,2296.T,伊藤ハム米久ホールディングス,0.6666666666666666,40,60,490163.3333333333,738.35
494,2315.T,ＣＡＩＣＡ,0.7,42,60,4934677.983333333,495.85
495,2317.T,システナ,0.5833333333333334,35,60,247661.66666666666,2110.0666666666666
502,2330.T,フォーサイド,0.6,36,60,1140335.0,114.01666666666667
508,2337.T,いちご,0.7333333333333333,44,60,1452478.3333333333,331.6666666666667
512,2342.T,トランスジェニック,0.5833333333333334,35,60,308405.0,615.35
514,2345.T,クシム,0.48333333333333334,29,60,506848.3333333333,718.4
518,2353.T,日本駐車場開発,0.6833333333333333,41,60,950851.6666666666,152.98333333333332
521,2370.T,メディネット,0.7333333333333333,44,60,2684721.6666666665,61.81666666666667
522,2371.T,カカクコム,0.7,42,60,535778.3333333334,3219.8
523,2372.T,アイロムグループ,0.6666666666666666,40,60,269606.6666666667,2203.616666666667
526,2375.T,ギグワークス,0.65,39,60,699451.6666666666,998.4666676839192
529,2379.T,ディップ,0.55,33,60,286166.6666666667,2989.9333333333334
531,2385.T,総医研ホールディングス,0.6333333333333333,38,60,432165.0,574.1666666666666
536,2395.T,新日本科学,0.5333333333333333,32,60,296913.3333333333,682.1833333333333
538,2398.T,ツクイホールディングス,0.6,36,60,632558.3333333334,900.55
545,2412.T,ベネフィット・ワン,0.75,45,60,270988.3333333333,2915.4333333333334
546,2413.T,エムスリー,0.5333333333333333,32,60,3541990.0,8089.7
551,2427.T,アウトソーシング,0.5666666666666667,34,60,1099383.3333333333,1669.3833333333334
554,2432.T,ディー・エヌ・エー,0.55,33,60,703901.6666666666,2169.266666666667
555,2433.T,博報堂ＤＹホールディングス,0.5833333333333334,35,60,591920.0,1824.7833333333333
558,2437.T,Ｓｈｉｎｗａ　Ｗｉｓｅ　Ｈｏｌｄｉｎｇｓ,0.7333333333333333,44,60,1112235.0,498.43333333333334
560,2440.T,ぐるなび,0.5833333333333334,35,60,528151.6666666666,619.2
572,2471.T,エスプール,0.6833333333333333,41,60,719841.6666666666,1021.0833333333334
579,2484.T,出前館,0.6,36,60,744578.3333333334,2599.75
583,2489.T,アドウェイズ,0.5833333333333334,35,60,1229928.3333333333,796.5833333333334
584,2491.T,バリューコマース,0.65,39,60,215983.33333333334,3407.45
585,2492.T,インフォマート,0.5666666666666667,34,60,755098.3333333334,976.1833333333333
590,2501.T,サッポロホールディングス,0.7166666666666667,43,60,279230.0,2252.4
591,2502.T,アサヒグループホールディングス,0.6833333333333333,41,60,1779918.3333333333,4658.5
592,2503.T,キリンホールディングス,0.5666666666666667,34,60,2976780.0,2123.875
599,2516.T,東証マザーズＥＴＦ,0.6666666666666666,40,60,566410.5,940.05
604,2521.T,上場インデックスファンド米国株式（Ｓ＆Ｐ５００）為替ヘッジあり,0.6333333333333333,38,60,502688.0,1385.6166666666666
614,2531.T,宝ホールディングス,0.65,39,60,598168.3333333334,1484.4833333333333
634,2569.T,上場インデックスファンド米国株式（ＮＡＳＤＡＱ１００）為替ヘッジあり,0.5666666666666667,34,60,229836.66666666666,2407.133333333333
636,2579.T,コカ・コーラ　ボトラーズジャパンホールディングス,0.6333333333333333,38,60,719775.0,1853.05
637,2586.T,フルッタフルッタ,0.7333333333333333,44,60,934868.3333333334,268.6333333333333
638,2587.T,サントリー食品インターナショナル,0.6666666666666666,40,60,512018.3333333333,3884.4166666666665
666,2651.T,ローソン,0.6333333333333333,38,60,290503.3333333333,5244.083333333333
670,2656.T,ベクター,0.7333333333333333,44,60,1512375.0,362.8833333333333
674,2667.T,イメージ　ワン,0.6666666666666666,40,60,2563235.0,736.0333333333333
677,2670.T,エービーシー・マート,0.6333333333333333,38,60,223121.66666666666,6182.666666666667
682,2678.T,アスクル,0.65,39,60,299715.0,3843.0833333333335
685,2685.T,アダストリア,0.6166666666666667,37,60,270350.0,1977.15
692,2695.T,くら寿司,0.65,39,60,369613.3333333333,3701.75
695,2702.T,日本マクドナルドホールディングス,0.6833333333333333,41,60,423508.3333333333,5132.833333333333
704,2730.T,エディオン,0.6,36,60,707775.0,1169.1333333333334
711,2743.T,ピクセルカンパニーズ,0.7166666666666667,43,60,289263.3333333333,134.15
713,2749.T,ＪＰホールディングス,0.6333333333333333,38,60,584335.0,297.8666666666667
723,2764.T,ひらまつ,0.6333333333333333,38,60,501695.0,166.16666666666666
724,2767.T,フィールズ,0.6333333333333333,38,60,294486.6666666667,558.15
725,2768.T,双日,0.7,42,60,11625565.0,299.01666666666665
728,2776.T,新都ホールディングス,0.6833333333333333,41,60,1005358.3333333334,86.48333333333333
732,2782.T,セリア,0.6666666666666666,40,60,216210.0,3786.4166666666665
733,2784.T,アルフレッサ　ホールディングス,0.7,42,60,598198.3333333334,2106.9666666666667
734,2788.T,アップルインターナショナル,0.5166666666666667,31,60,349988.3333333333,272.68333333333334
742,2801.T,キッコーマン,0.6333333333333333,38,60,567876.6666666666,6902.833333333333
743,2802.T,味の素,0.7166666666666667,43,60,1630361.6666666667,2253.133333333333
747,2809.T,キユーピー,0.5666666666666667,34,60,358530.0,2497.7833333333333
760,2871.T,ニチレイ,0.7166666666666667,43,60,470315.0,2857.233333333333
763,2875.T,東洋水産,0.6166666666666667,37,60,384498.3333333333,4630.583333333333
771,2897.T,日清食品ホールディングス,0.5833333333333334,35,60,402255.0,8162.666666666667
773,2901.T,石垣食品,0.6666666666666666,40,60,287220.0,128.93333333333334
781,2914.T,日本たばこ産業,0.6666666666666666,40,60,5914831.666666667,2045.9166666666667
790,2926.T,篠崎屋,0.6333333333333333,38,60,850898.3333333334,127.86666666666666
792,2929.T,ファーマフーズ,0.5333333333333333,32,60,4203831.666666667,3274.4333333333334
793,2930.T,北の達人コーポレーション,0.7166666666666667,43,60,609548.3333333334,624.0
794,2931.T,ユーグレナ,0.6,36,60,1998255.0,988.2
812,3003.T,ヒューリック,0.6833333333333333,41,60,1020038.3333333334,1253.1
820,3028.T,アルペン,0.6,36,60,210011.66666666666,2374.95
822,3031.T,ラクーンホールディングス,0.65,39,60,1114690.0,2414.7833333333333
824,3035.T,ケイティケイ,0.65,39,60,286958.3333333333,369.6666666666667
826,3038.T,神戸物産,0.6666666666666666,40,60,1398281.6666666667,2961.4666666666667
833,3048.T,ビックカメラ,0.6666666666666666,40,60,796841.6666666666,1210.1
834,3050.T,ＤＣＭホールディングス,0.5833333333333334,35,60,813710.0,1124.2833333333333
835,3053.T,ペッパーフードサービス,0.6666666666666666,40,60,546663.3333333334,290.48333333333335
840,3064.T,ＭｏｎｏｔａＲＯ,0.5166666666666667,31,60,1610918.3333333333,3017.266666666667
846,3071.T,ストリーム,0.65,39,60,463361.6666666667,182.88333333333333
854,3083.T,シーズメン,0.6666666666666666,40,60,225468.33333333334,375.3333333333333
856,3086.T,Ｊ．フロント　リテイリング,0.6666666666666666,40,60,2090183.3333333333,1039.7833333333333
857,3087.T,ドトール・日レスホールディングス,0.6166666666666667,37,60,237313.33333333334,1693.0166666666667
858,3088.T,マツモトキヨシホールディングス,0.55,33,60,435558.3333333333,4719.333333333333
861,3092.T,ＺＯＺＯ,0.6333333333333333,38,60,915028.3333333334,3409.9166666666665
867,3099.T,三越伊勢丹ホールディングス,0.6833333333333333,41,60,3001891.6666666665,768.5333333333333
868,3101.T,東洋紡,0.65,39,60,567865.0,1420.2666666666667
869,3103.T,ユニチカ,0.7,42,60,642766.6666666666,425.31666666666666
871,3105.T,日清紡ホールディングス,0.6833333333333333,41,60,835206.6666666666,836.8166666666667
873,3107.T,ダイワボウホールディングス,0.6166666666666667,37,60,419788.3333333333,1708.0333333333333
878,3116.T,トヨタ紡織,0.55,33,60,800963.3333333334,1828.15
879,3121.T,マーチャント・バンカーズ,0.7,42,60,229251.66666666666,326.71666666666664
885,3134.T,Ｈａｍｅｅ,0.65,39,60,213918.33333333334,1694.2333333333333
891,3141.T,ウエルシアホールディングス,0.6,36,60,743425.0,3663.75
894,3150.T,グリムス,0.7166666666666667,43,60,317283.3333333333,1826.65
904,3167.T,ＴＯＫＡＩホールディングス,0.65,39,60,339688.3333333333,952.0166666666667
914,3179.T,シュッピン,0.6833333333333333,41,60,235208.33333333334,1047.55
917,3182.T,オイシックス・ラ・大地,0.6166666666666667,37,60,469070.0,2914.6833333333334
921,3186.T,ネクステージ,0.65,39,60,489670.0,1757.35
930,3197.T,すかいらーくホールディングス,0.5833333333333334,35,60,1001011.6666666666,1677.25
934,3202.T,ダイトウボウ,0.75,45,60,302496.6666666667,109.28333333333333
938,3222.T,ユナイテッド・スーパーマーケット・ホールディングス,0.55,33,60,263825.0,1150.25
943,3231.T,野村不動産ホールディングス,0.6333333333333333,38,60,584090.0,2569.65
946,3236.T,プロパスト,0.6833333333333333,41,60,336040.0,172.03333333333333
957,3254.T,プレサンスコーポレーション,0.5333333333333333,32,60,211998.33333333334,1627.2333333333333
959,3264.T,アスコット,0.6166666666666667,37,60,418763.3333333333,267.48333333333335
960,3266.T,ファンドクリエーショングループ,0.8,48,60,280158.3333333333,103.36666666666666
976,3288.T,オープンハウス,0.5666666666666667,34,60,423078.3333333333,4582.166666666667
977,3289.T,東急不動産ホールディングス,0.65,39,60,3459571.6666666665,656.9833333333333
979,3291.T,飯田グループホールディングス,0.6666666666666666,40,60,618010.0,2629.9166666666665
992,3315.T,日本コークス工業,0.7,42,60,1865573.3333333333,108.06666666666666
999,3323.T,レカム,0.8,48,60,896511.6666666666,112.33333333333333
1001,3328.T,ＢＥＥＮＯＳ,0.5833333333333334,35,60,263133.3333333333,2793.75
1003,3333.T,あさひ,0.6333333333333333,38,60,237861.66666666666,1559.1666666666667
1011,3356.T,テリロジー,0.5166666666666667,31,60,208625.0,588.05
1014,3360.T,シップヘルスケアホールディングス,0.7333333333333333,44,60,257171.66666666666,3032.1666666666665
1022,3377.T,バイク王＆カンパニー,0.5166666666666667,31,60,741580.0,531.5
1023,3382.T,セブン＆アイ・ホールディングス,0.6,36,60,2332591.6666666665,4374.3
1025,3387.T,クリエイト・レストランツ・ホールディングス,0.6166666666666667,37,60,748680.0,833.8833333333333
1027,3390.T,ＩＮＥＳＴ,0.7666666666666667,46,60,1162881.6666666667,87.51666666666667
1033,3397.T,トリドールホールディングス,0.6833333333333333,41,60,553793.3333333334,1647.0
1035,3401.T,帝人,0.6666666666666666,40,60,1050963.3333333333,1892.2166666666667
1036,3402.T,東レ,0.6833333333333333,41,60,5965310.0,707.8916646321615
1037,3405.T,クラレ,0.6166666666666667,37,60,1502003.3333333333,1241.3833333333334
1038,3407.T,旭化成,0.6666666666666666,40,60,3904078.3333333335,1227.1333333333334
1040,3409.T,北日本紡績,0.7,42,60,211211.66666666666,211.13333333333333
1041,3415.T,ＴＯＫＹＯ　ＢＡＳＥ,0.6833333333333333,41,60,594723.3333333334,716.8833333333333
1051,3433.T,トーカロ,0.7,42,60,209755.0,1445.85
1054,3436.T,ＳＵＭＣＯ,0.5333333333333333,32,60,6374980.0,2571.483333333333
1088,3475.T,グッドコムアセット,0.5166666666666667,31,60,208586.66666666666,1427.2833333333333
1092,3479.T,ティーケーピー,0.65,39,60,200881.66666666666,2642.7
1095,3482.T,ロードスターキャピタル,0.65,39,60,213268.33333333334,1092.65
1103,3491.T,ＧＡ　ｔｅｃｈｎｏｌｏｇｉｅｓ,0.6,36,60,270745.0,2320.883333333333
1115,3521.T,エコナックホールディングス,0.6833333333333333,41,60,222323.33333333334,96.96666666666667
1118,3528.T,プロスペクト,0.6833333333333333,41,60,3169425.0,36.38333333333333
1120,3536.T,アクサスホールディングス,0.7666666666666667,46,60,293136.6666666667,143.25
1125,3541.T,農業総合研究所,0.6333333333333333,38,60,220603.33333333334,618.8833333333333
1127,3543.T,コメダホールディングス,0.7,42,60,293243.3333333333,1994.5833333333333
1136,3556.T,リネットジャパングループ,0.6333333333333333,38,60,367971.6666666667,784.35
1138,3558.T,ロコンド,0.6,36,60,303456.6666666667,2093.233333333333
1143,3563.T,スシローグローバルホールディングス,0.65,39,60,1025275.0,4694.0
1152,3591.T,ワコールホールディングス,0.5666666666666667,34,60,203106.66666666666,2396.383333333333
1159,3608.T,ＴＳＩホールディングス,0.55,33,60,561021.6666666666,307.53333333333336
1161,3612.T,ワールド,0.7,42,60,205860.0,1448.6
1164,3624.T,アクセルマーク,0.7,42,60,322133.3333333333,377.5833333333333
1166,3626.T,ＴＩＳ,0.55,33,60,662486.6666666666,2483.2833333333333
1170,3632.T,グリー,0.5666666666666667,34,60,552820.0,583.1666666666666
1173,3635.T,コーエーテクモホールディングス,0.55,33,60,309134.88333333336,4975.391015625
1175,3639.T,ボルテージ,0.48333333333333334,29,60,291381.6666666667,585.0833333333334
1178,3645.T,メディカルネット,0.55,33,60,318695.0,1096.0666666666666
1180,3647.T,ジー・スリーホールディングス,0.7,42,60,931376.6666666666,267.96666666666664
1186,3656.T,ＫＬａｂ,0.5833333333333334,35,60,530576.6666666666,848.5333333333333
1189,3659.T,ネクソン,0.5166666666666667,31,60,2032613.3333333333,3525.6666666666665
1190,3660.T,アイスタイル,0.7166666666666667,43,60,888776.6666666666,504.8833333333333
1192,3662.T,エイチーム,0.5166666666666667,31,60,430656.6666666667,1549.0
1193,3663.T,アートスパークホールディングス,0.5,30,60,237753.33333333334,2093.983333333333
1194,3664.T,モブキャストホールディングス,0.6833333333333333,41,60,259471.66666666666,139.28333333333333
1195,3665.T,エニグモ,0.6,36,60,363415.0,1320.2666666666667
1197,3667.T,ｅｎｉｓｈ,0.6166666666666667,37,60,241606.66666666666,518.3833333333333
1198,3668.T,コロプラ,0.6833333333333333,41,60,705228.3333333334,876.8333333333334
1201,3672.T,オルトプラス,0.6,36,60,209043.33333333334,475.51666666666665
1202,3673.T,ブロードリーフ,0.6833333333333333,41,60,349930.0,552.2333333333333
1203,3674.T,オークファン,0.5666666666666667,34,60,282570.0,1878.2
1204,3675.T,クロス・マーケティンググループ,0.6,36,60,222966.66666666666,462.1666666666667
1208,3679.T,じげん,0.7333333333333333,44,60,478006.6666666667,424.95
1209,3680.T,ホットリンク,0.6833333333333333,41,60,586486.6666666666,666.5166666666667
1210,3681.T,ブイキューブ,0.65,39,60,1698965.0,2807.3
1212,3683.T,サイバーリンクス,0.5333333333333333,32,60,219911.66666666666,1817.8666666666666
1213,3686.T,ディー・エル・イー,0.65,39,60,290775.0,319.7
1216,3689.T,イグニス,0.48333333333333334,29,60,883375.0,2681.35
1221,3694.T,オプティム,0.6,36,60,215960.0,2992.6666666666665
1223,3696.T,セレス,0.6666666666666666,40,60,526700.0,4077.516666666667
1229,3719.T,ジェクシード,0.6166666666666667,37,60,478181.6666666667,268.01666666666665
1232,3727.T,アプリックス,0.65,39,60,228605.0,250.45
1237,3747.T,インタートレード,0.5833333333333334,35,60,595243.3333333334,532.9166666666666
1239,3751.T,日本アジアグループ,0.6,36,60,314615.0,1065.3833333333334
1241,3758.T,アエリア,0.6,36,60,311210.0,568.9333333333333
1243,3762.T,テクマトリックス,0.5166666666666667,31,60,313880.0,1940.15
1245,3765.T,ガンホー・オンライン・エンターテイメント,0.6166666666666667,37,60,623421.6666666666,2295.383333333333
1248,3769.T,ＧＭＯペイメントゲートウェイ,0.55,33,60,246580.0,14632.833333333334
1252,3773.T,アドバンスト・メディア,0.6666666666666666,40,60,261135.0,836.8833333333333
1253,3774.T,インターネットイニシアティブ,0.55,33,60,361961.6666666667,2454.4333333333334
1254,3776.T,ブロードバンドタワー,0.55,33,60,1359375.0,279.65
1255,3777.T,ＦＨＴホールディングス,0.8166666666666667,49,60,3800186.6666666665,17.75
1256,3778.T,さくらインターネット,0.5333333333333333,32,60,384408.3333333333,735.3666666666667
1258,3782.T,ディー・ディー・エス,0.6,36,60,359578.3333333333,216.21666666666667
1263,3793.T,ドリコム,0.5833333333333334,35,60,439923.3333333333,801.2
1271,3807.T,フィスコ,0.6333333333333333,38,60,3210625.0,222.98333333333332
1277,3823.T,アクロディア,0.5666666666666667,34,60,451696.6666666667,199.66666666666666
1278,3825.T,リミックスポイント,0.6833333333333333,41,60,8796165.0,179.86666666666667
1285,3840.T,パス,0.6666666666666666,40,60,433556.6666666667,136.16666666666666
1290,3845.T,アイフリークモバイル,0.5333333333333333,32,60,204471.66666666666,157.05
1296,3853.T,アステリア,0.7166666666666667,43,60,396086.6666666667,877.95
1298,3856.T,Ａｂａｌａｎｃｅ,0.5,30,60,310228.3333333333,4971.416666666667
1301,3861.T,王子ホールディングス,0.7,42,60,2770170.0,707.4333333333333
1302,3863.T,日本製紙,0.5833333333333334,35,60,648345.0,1377.0333333333333
1304,3865.T,北越コーポレーション,0.6,36,60,507416.6666666667,533.7833333333333
1307,3880.T,大王製紙,0.7,42,60,264135.0,1937.6666666666667
1308,3891.T,ニッポン高度紙工業,0.65,39,60,449040.0,3106.4333333333334
1314,3902.T,メディカル・データ・ビジョン,0.7,42,60,804273.3333333334,2155.2166666666667
1315,3903.T,ｇｕｍｉ,0.6,36,60,2210680.0,970.4333333333333
1323,3911.T,Ａｉｍｉｎｇ,0.48333333333333334,29,60,901180.0,420.1
1324,3912.T,モバイルファクトリー,0.55,33,60,396871.6666666667,1335.95
1325,3913.T,ｓＭｅｄｉｏ,0.6666666666666666,40,60,511640.0,1226.4666666666667
1334,3922.T,ＰＲ　ＴＩＭＥＳ,0.6166666666666667,37,60,251031.66666666666,3463.9333333333334
1335,3923.T,ラクス,0.6333333333333333,38,60,1502548.3333333333,2075.9166666666665
1338,3926.T,オープンドア,0.6833333333333333,41,60,258355.0,2035.9
1339,3927.T,フーバーブレイン,0.6666666666666666,40,60,216013.33333333334,942.25
1350,3939.T,カナミックネットワーク,0.6833333333333333,41,60,268876.6666666667,747.2666666666667
1352,3941.T,レンゴー,0.65,39,60,866425.0,925.5
1366,3962.T,チェンジ,0.5666666666666667,34,60,1045575.0,3461.233333333333
1378,3978.T,マクロミル,0.65,39,60,245608.33333333334,911.75
1387,3989.T,シェアリングテクノロジー,0.6,36,60,573546.6666666666,255.31666666666666
1391,3993.T,ＰＫＳＨＡ　Ｔｅｃｈｎｏｌｏｇｙ,0.5833333333333334,35,60,435323.3333333333,3190.7
1392,3994.T,マネーフォワード,0.6333333333333333,38,60,355408.3333333333,4631.333333333333
1394,3996.T,サインポスト,0.6333333333333333,38,60,439275.0,1061.5
1398,4004.T,昭和電工,0.65,39,60,1353773.3333333333,3030.616666666667
1399,4005.T,住友化学,0.6166666666666667,37,60,10453808.333333334,553.2166666666667
1404,4014.T,カラダノート,0.6833333333333333,41,60,230543.33333333334,1642.7
1411,4021.T,日産化学,0.5833333333333334,35,60,462131.6666666667,5991.833333333333
1417,4028.T,石原産業,0.6666666666666666,40,60,256661.66666666666,892.3166666666667
1420,4042.T,東ソー,0.6,36,60,1067818.3333333333,2061.266666666667
1421,4043.T,トクヤマ,0.65,39,60,478383.3333333333,2745.9
1423,4045.T,東亞合成,0.5833333333333334,35,60,279560.0,1268.8166666666666
1431,4056.T,ニューラルポケット,0.6,36,60,201415.0,5863.666666666667
1436,4061.T,デンカ,0.6666666666666666,40,60,362605.0,4306.583333333333
1437,4062.T,イビデン,0.7166666666666667,43,60,1000775.0,4982.75
1438,4063.T,信越化学工業,0.55,33,60,1097976.6666666667,18484.5
1441,4080.T,田中化学研究所,0.55,33,60,386410.0,1308.1166666666666
1442,4082.T,第一稀元素化学工業,0.65,39,60,245130.0,1209.0666666666666
1443,4088.T,エア・ウォーター,0.7833333333333333,47,60,819698.3333333334,1867.9666666666667
1444,4091.T,日本酸素ホールディングス,0.5833333333333334,35,60,663950.0,2069.0666666666666
1461,4118.T,カネカ,0.7,42,60,234241.66666666666,4428.416666666667
1465,4151.T,協和キリン,0.6666666666666666,40,60,917633.3333333334,3209.516666666667
1466,4165.T,プレイド,0.6,36,60,576625.0,3936.25
1470,4169.T,ＥＮＥＣＨＡＮＧＥ,0.6166666666666667,37,60,380060.0,2447.425
1471,4170.T,Ｋａｉｚｅｎ　Ｐｌａｔｆｏｒｍ,0.6166666666666667,37,60,1105860.0,1872.3166666666666
1477,4176.T,ココナラ,0.6,18,30,3222523.3333333335,2193.3333333333335
1478,4177.T,ｉ‐ｐｌｕｇ,0.4666666666666667,14,30,273066.6666666667,4689.833333333333
1479,4178.T,Ｓｈａｒｉｎｇ　Ｉｎｎｏｖａｔｉｏｎｓ,0.5185185185185185,14,27,329059.25925925927,3231.296296296296
1481,4180.T,Ａｐｐｉｅｒ　Ｇｒｏｕｐ,0.6521739130434783,15,23,4367713.043478261,1995.4347826086957
1482,4182.T,三菱瓦斯化学,0.6833333333333333,41,60,668155.0,2633.9333333333334
1483,4183.T,三井化学,0.6,36,60,701531.6666666666,3500.0
1484,4185.T,ＪＳＲ,0.5666666666666667,34,60,748031.6666666666,3392.8333333333335
1485,4186.T,東京応化工業,0.6,36,60,284960.0,6950.333333333333
1487,4188.T,三菱ケミカルホールディングス,0.6,36,60,6526965.0,803.8683339436849
1489,4192.T,スパイダープラス,0.4782608695652174,11,23,2789913.0434782607,1785.608695652174
1490,4202.T,ダイセル,0.65,39,60,1419006.6666666667,848.1166666666667
1492,4204.T,積水化学工業,0.6166666666666667,37,60,946481.6666666666,2072.65
1493,4205.T,日本ゼオン,0.65,39,60,715928.3333333334,1684.9
1495,4208.T,宇部興産,0.7166666666666667,43,60,710728.3333333334,2276.9166666666665
1521,4272.T,日本化薬,0.75,45,60,376175.0,1067.0
1529,4290.T,プレステージ・インターナショナル,0.6166666666666667,37,60,289300.0,800.3166666666667
1530,4293.T,セプテーニ・ホールディングス,0.6,36,60,1437188.3333333333,475.3833333333333
1536,4307.T,野村総合研究所,0.7333333333333333,44,60,1298036.6666666667,3398.4166666666665
1537,4308.T,Ｊストリーム,0.5333333333333333,32,60,224000.0,4901.916666666667
1546,4324.T,電通グループ,0.55,33,60,903246.6666666666,3667.5
1549,4331.T,テイクアンドギヴ・ニーズ,0.5166666666666667,31,60,269913.3333333333,865.7
1558,4344.T,ソースネクスト,0.5833333333333334,35,60,1196346.6666666667,342.3833333333333
1561,4347.T,ブロードメディア,0.6666666666666666,40,60,959563.3333333334,88.41666666666667
1563,4350.T,メディカルシステムネットワーク,0.7,42,60,264151.6666666667,768.6666666666666
1565,4355.T,ロングライフホールディング,0.6833333333333333,41,60,377675.0,297.1666666666667
1574,4369.T,トリケミカル研究所,0.6,36,60,329168.3333333333,3807.8333333333335
1579,4384.T,ラクスル,0.7166666666666667,43,60,221338.33333333334,4567.166666666667
1580,4385.T,メルカリ,0.6666666666666666,40,60,1347850.0,5319.916666666667
1595,4401.T,ＡＤＥＫＡ,0.6833333333333333,41,60,262548.3333333333,2070.3333333333335
1596,4403.T,日油,0.6,36,60,225158.33333333334,5761.666666666667
1598,4406.T,新日本理化,0.6833333333333333,41,60,510023.3333333333,280.45
1606,4425.T,Ｋｕｄａｎ,0.6666666666666666,40,60,371743.3333333333,4425.966666666666
1613,4432.T,ウイングアーク１ｓｔ,0.696969696969697,23,33,843815.1515151515,2180.090909090909
1617,4436.T,ミンカブ・ジ・インフォノイド,0.5,30,60,867730.0,4213.583333333333
1624,4443.T,Ｓａｎｓａｎ,0.55,33,60,229013.33333333334,9415.333333333334
1628,4448.T,Ｃｈａｔｗｏｒｋ,0.6666666666666666,40,60,496635.0,1334.55
1629,4449.T,ギフティ,0.7333333333333333,44,60,510341.6666666667,3708.75
1631,4452.T,花王,0.8,48,60,2021555.0,7269.316666666667
1638,4475.T,ＨＥＮＮＧＥ,0.6166666666666667,37,60,262993.3333333333,7959.166666666667
1640,4477.T,ＢＡＳＥ,0.43333333333333335,26,60,5297371.666666667,2039.45
1641,4478.T,フリー,0.5666666666666667,34,60,378281.6666666667,10142.0
1642,4479.T,マクアケ,0.6,36,60,231905.0,7403.333333333333
1643,4480.T,メドレー,0.6166666666666667,37,60,364765.0,4358.833333333333
1645,4482.T,ウィルズ,0.5833333333333334,35,60,246253.33333333334,1436.3333333333333
1646,4483.T,ＪＭＤＣ,0.5833333333333334,35,60,270351.6666666667,5234.833333333333
1648,4485.T,ＪＴＯＷＥＲ,0.6666666666666666,40,60,348561.6666666667,8884.5
1661,4502.T,武田薬品工業,0.7833333333333333,47,60,6650010.0,3841.8
1662,4503.T,アステラス製薬,0.6833333333333333,41,60,4908341.666666667,1731.0166666666667
1663,4506.T,大日本住友製薬,0.7,42,60,1002086.6666666666,1867.85
1664,4507.T,塩野義製薬,0.6666666666666666,40,60,999933.3333333334,5819.016666666666
1665,4512.T,わかもと製薬,0.6166666666666667,37,60,1203320.0,347.8333333333333
1668,4519.T,中外製薬,0.7333333333333333,44,60,2047896.6666666667,4637.633333333333
1670,4523.T,エーザイ,0.6333333333333333,38,60,740725.0,7459.783333333334
1673,4527.T,ロート製薬,0.7666666666666667,46,60,288320.0,2970.7166666666667
1674,4528.T,小野薬品工業,0.7,42,60,1102176.6666666667,2917.725
1678,4536.T,参天製薬,0.7166666666666667,43,60,1495903.3333333333,1520.5666666666666
1682,4541.T,日医工,0.65,39,60,817565.0,993.9333333333333
1683,4543.T,テルモ,0.6833333333333333,41,60,2517481.6666666665,4123.183333333333
1684,4544.T,Ｈ．Ｕ．グループホールディングス,0.5666666666666667,34,60,407118.3333333333,3447.5833333333335
1690,4552.T,ＪＣＲファーマ,0.6333333333333333,38,60,802971.6666666666,3312.233333333333
1696,4563.T,アンジェス,0.6166666666666667,37,60,3498606.6666666665,1065.0
1697,4564.T,オンコセラピー・サイエンス,0.6833333333333333,41,60,1787756.6666666667,125.98333333333333
1698,4565.T,そーせいグループ,0.5833333333333334,35,60,554988.3333333334,1882.4333333333334
1699,4568.T,第一三共,0.75,45,60,3524491.6666666665,3142.358333333333
1702,4571.T,ナノキャリア,0.55,33,60,875383.3333333334,316.3666666666667
1704,4574.T,大幸薬品,0.7,42,60,543913.3333333334,1309.45
1708,4578.T,大塚ホールディングス,0.7166666666666667,43,60,846603.3333333334,4512.016666666666
1709,4579.T,ラクオリア創薬,0.55,33,60,242261.66666666666,1061.95
1711,4582.T,シンバイオ製薬,0.5666666666666667,34,60,4721280.0,1169.6833333333334
1712,4583.T,カイオム・バイオサイエンス,0.65,39,60,524668.3333333334,227.51666666666668
1714,4586.T,メドレックス,0.6333333333333333,38,60,467903.3333333333,276.1166666666667
1715,4587.T,ペプチドリーム,0.7333333333333333,44,60,491503.3333333333,5172.583333333333
1716,4588.T,オンコリスバイオファーマ,0.5666666666666667,34,60,767411.6666666666,1196.3333333333333
1717,4591.T,リボミック,0.6666666666666666,40,60,371586.6666666667,368.23333333333335
1718,4592.T,サンバイオ,0.6666666666666666,40,60,364605.0,1693.5666666666666
1720,4594.T,ブライトパス・バイオ,0.6333333333333333,38,60,331671.6666666667,194.51666666666668
1722,4596.T,窪田製薬ホールディングス,0.6833333333333333,41,60,244278.33333333334,266.01666666666665
1723,4597.T,ソレイジア・ファーマ,0.55,33,60,2418655.0,153.16666666666666
1725,4599.T,ステムリム,0.6,36,60,400870.0,783.15
1727,4612.T,日本ペイントホールディングス,0.5666666666666667,34,60,2444551.6666666665,1684.7666666666667
1728,4613.T,関西ペイント,0.7,42,60,644598.3333333334,2915.1666666666665
1742,4631.T,ＤＩＣ,0.6333333333333333,38,60,321606.6666666667,2840.616666666667
1752,4651.T,サニックス,0.65,39,60,1077731.6666666667,317.3666666666667
1754,4657.T,環境管理センター,0.5666666666666667,34,60,609400.0,529.1333333333333
1757,4661.T,オリエンタルランド,0.65,39,60,702455.0,16904.666666666668
1761,4666.T,パーク２４,0.65,39,60,1137941.6666666667,2162.983333333333
1768,4676.T,フジ・メディア・ホールディングス,0.6833333333333333,41,60,613276.6666666666,1354.0833333333333
1771,4680.T,ラウンドワン,0.5666666666666667,34,60,1082435.0,1140.8
1772,4681.T,リゾートトラスト,0.6333333333333333,38,60,466225.0,1796.8333333333333
1773,4684.T,オービック,0.6833333333333333,41,60,218275.0,19578.666666666668
1777,4689.T,Ｚホールディングス,0.7,42,60,21219020.0,596.7266703287761
1781,4696.T,ワタベウェディング,0.7333333333333333,44,60,363958.3333333333,294.98333333333335
1783,4704.T,トレンドマイクロ,0.7,42,60,677915.0,5505.166666666667
1789,4714.T,リソー教育,0.6666666666666666,40,60,642355.0,330.4166666666667
1798,4732.T,ユー・エス・エス,0.6833333333333333,41,60,569903.3333333334,2077.7
1803,4739.T,伊藤忠テクノソリューションズ,0.6166666666666667,37,60,607555.0,3531.8333333333335
1805,4745.T,東京個別指導学院,0.6,36,60,215988.33333333334,639.8166666666667
1809,4751.T,サイバーエージェント,0.6666666666666666,40,60,4931760.0,1813.7333333333333
1812,4755.T,楽天,0.6666666666666666,40,60,13716133.333333334,1269.8833333333334
1817,4764.T,Ｎｅｘｕｓ　Ｂａｎｋ,0.7,42,60,1457168.3333333333,232.05
1818,4765.T,モーニングスター,0.6833333333333333,41,60,262866.6666666667,484.3666666666667
1819,4766.T,ピーエイ,0.5666666666666667,34,60,845465.0,188.06666666666666
1820,4767.T,テー・オー・ダブリュー,0.6333333333333333,38,60,213523.33333333334,316.21666666666664
1821,4768.T,大塚商会,0.65,39,60,463298.3333333333,5147.0
1826,4776.T,サイボウズ,0.45,27,60,359600.0,2459.866666666667
1827,4777.T,ガーラ,0.6333333333333333,38,60,877103.3333333334,260.8666666666667
1837,4814.T,ネクストウェア,0.6666666666666666,40,60,695753.3333333334,190.1
1845,4829.T,日本エンタープライズ,0.6,36,60,333505.0,251.46666666666667
1847,4833.T,Ｓｕｃｃｅｓｓ　Ｈｏｌｄｅｒｓ,0.6666666666666666,40,60,486435.0,247.86666666666667
1852,4845.T,スカラ,0.6,36,60,231611.66666666666,765.3166666666667
1859,4883.T,モダリス,0.7166666666666667,43,60,233233.33333333334,2167.4333333333334
1862,4901.T,富士フイルムホールディングス,0.6166666666666667,37,60,1426503.3333333333,6522.633333333333
1863,4902.T,コニカミノルタ,0.6333333333333333,38,60,10499358.333333334,584.9666666666667
1864,4911.T,資生堂,0.75,45,60,1536985.0,7806.8
1865,4912.T,ライオン,0.6333333333333333,38,60,1041085.0,2194.4666666666667
1867,4917.T,マンダム,0.6833333333333333,41,60,221493.33333333334,1969.4666666666667
1871,4921.T,ファンケル,0.6833333333333333,41,60,338775.0,3825.5
1876,4927.T,ポーラ・オルビスホールディングス,0.6833333333333333,41,60,635068.3333333334,2568.366666666667
1882,4934.T,プレミアアンチエイジング,0.5333333333333333,32,60,275540.0,9544.166666666666
1891,4960.T,ケミプロ化成,0.65,39,60,585011.6666666666,243.4
1901,4974.T,タカラバイオ,0.5833333333333334,35,60,328310.0,2967.1
1905,4978.T,リプロセル,0.6,36,60,852503.3333333334,409.9166666666667
1907,4980.T,デクセリアルズ,0.65,39,60,464371.6666666667,1772.0333333333333
1923,5017.T,富士石油,0.7666666666666667,46,60,512788.3333333333,225.85
1925,5019.T,出光興産,0.6,36,60,1245668.3333333333,2761.0833333333335
1926,5020.T,ＥＮＥＯＳホールディングス,0.6333333333333333,38,60,22463768.333333332,479.0866689046224
1927,5021.T,コスモエネルギーホールディングス,0.6,36,60,359213.3333333333,2529.35
1932,5101.T,横浜ゴム,0.6166666666666667,37,60,725610.0,1927.7833333333333
1935,5105.T,ＴＯＹＯ　ＴＩＲＥ,0.6166666666666667,37,60,689328.3333333334,1944.0666666666666
1936,5108.T,ブリヂストン,0.6333333333333333,38,60,2033716.6666666667,4352.8
1937,5110.T,住友ゴム工業,0.5,30,60,1297903.3333333333,1236.7333333333333
1948,5191.T,住友理工,0.6833333333333333,41,60,246843.33333333334,691.9666666666667
1953,5201.T,ＡＧＣ,0.7166666666666667,43,60,1322475.0,4373.25
1954,5202.T,日本板硝子,0.6,36,60,1325748.3333333333,598.8333333333334
1959,5214.T,日本電気硝子,0.65,39,60,691308.3333333334,2554.6
1960,5216.T,倉元製作所,0.65,39,60,531036.6666666666,139.0
1963,5232.T,住友大阪セメント,0.5833333333333334,35,60,260208.33333333334,3580.3333333333335
1964,5233.T,太平洋セメント,0.6166666666666667,37,60,1078343.3333333333,2777.5666666666666
1969,5269.T,日本コンクリート工業,0.5666666666666667,34,60,325851.6666666667,398.26666666666665
1982,5301.T,東海カーボン,0.7,42,60,1944370.0,1684.6333333333334
1987,5332.T,ＴＯＴＯ,0.7166666666666667,43,60,473923.3333333333,6614.666666666667
1988,5333.T,日本碍子,0.5666666666666667,34,60,1027291.6666666666,1991.2333333333333
1989,5334.T,日本特殊陶業,0.65,39,60,958438.3333333334,1911.35
1990,5337.T,ダントーホールディングス,0.7166666666666667,43,60,295065.0,363.85
2002,5381.T,Ｍｉｐｏｘ,0.5166666666666667,31,60,494226.6666666667,545.2333333333333
2010,5401.T,日本製鉄,0.65,39,60,6075213.333333333,1741.5166666666667
2011,5406.T,神戸製鋼所,0.6666666666666666,40,60,5445685.0,703.75
2014,5411.T,ジェイ　エフ　イー　ホールディングス,0.5833333333333334,35,60,4809688.333333333,1261.4666666666667
2015,5423.T,東京製鐵,0.65,39,60,825975.0,821.2833333333333
2023,5463.T,丸一鋼管,0.6,36,60,267103.3333333333,2555.733333333333
2031,5486.T,日立金属,0.7166666666666667,43,60,1670100.0,1813.7333333333333
2033,5541.T,大平洋金属,0.5666666666666667,34,60,243670.0,2218.733333333333
2035,5563.T,新日本電工,0.65,39,60,2384056.6666666665,321.2
2041,5631.T,日本製鋼所,0.6333333333333333,38,60,402198.3333333333,2744.6666666666665
2047,5690.T,リバーホールディングス,0.6166666666666667,37,60,273823.3333333333,1000.15
2050,5698.T,エンビプロ・ホールディングス,0.6666666666666666,40,60,209201.66666666666,877.2333333333333
2052,5702.T,大紀アルミニウム工業所,0.6333333333333333,38,60,243200.0,945.5166666666667
2053,5703.T,日本軽金属ホールディングス,0.7833333333333333,47,60,261985.0,2163.35
2055,5706.T,三井金属鉱業,0.6666666666666666,40,60,881123.3333333334,3757.0
2056,5707.T,東邦亜鉛,0.48333333333333334,29,60,207028.33333333334,2355.266666666667
2057,5711.T,三菱マテリアル,0.65,39,60,578330.0,2516.3
2058,5713.T,住友金属鉱山,0.6333333333333333,38,60,1693873.3333333333,4884.35
2059,5714.T,ＤＯＷＡホールディングス,0.6833333333333333,41,60,277640.0,4471.916666666667
2061,5721.T,エス・サイエンス,0.7333333333333333,44,60,919970.0,42.8
2063,5726.T,大阪チタニウムテクノロジーズ,0.6166666666666667,37,60,444081.6666666667,900.6833333333333
2064,5727.T,東邦チタニウム,0.5833333333333334,35,60,283618.3333333333,967.4333333333333
2071,5801.T,古河電気工業,0.5333333333333333,32,60,510848.3333333333,2931.2166666666667
2072,5802.T,住友電気工業,0.65,39,60,2547413.3333333335,1648.9833333333333
2073,5803.T,フジクラ,0.6166666666666667,37,60,2000815.0,537.0
2076,5809.T,タツタ電線,0.8166666666666667,49,60,259545.0,640.35
2077,5816.T,オーナンバ,0.5,30,60,216620.0,522.8
2084,5856.T,エルアイイーエイチ,0.75,45,60,220413.33333333334,75.76666666666667
2085,5857.T,アサヒホールディングス,0.7333333333333333,44,60,835840.0,2139.1833333333334
2088,5901.T,東洋製罐グループホールディングス,0.6166666666666667,37,60,613385.0,1338.4166666666667
2102,5929.T,三和ホールディングス,0.5166666666666667,31,60,545408.3333333334,1400.3166666666666
2108,5938.T,ＬＩＸＩＬ,0.65,39,60,1044698.3333333334,3056.5333333333333
2110,5940.T,不二サッシ,0.7,42,60,390435.0,80.41666666666667
2117,5949.T,ユニプレス,0.7333333333333333,44,60,224628.33333333334,1063.8333333333333
2120,5952.T,アマテイ,0.6666666666666666,40,60,239038.33333333334,178.66666666666666
2121,5955.T,ヤマシナ,0.75,45,60,938561.6666666666,79.78333333333333
2123,5957.T,日東精工,0.6833333333333333,41,60,509516.6666666667,570.1333333333333
2148,5991.T,日本発條,0.6666666666666666,40,60,447806.6666666667,823.1333333333333
2154,6005.T,三浦工業,0.65,39,60,222241.66666666666,5876.333333333333
2155,6013.T,タクマ,0.7,42,60,311503.3333333333,2294.6666666666665
2163,6029.T,アトラ,0.65,39,60,203816.66666666666,357.93333333333334
2170,6036.T,ＫｅｅＰｅｒ技研,0.6833333333333333,41,60,373908.3333333333,2146.516666666667
2184,6055.T,ジャパンマテリアル,0.6666666666666666,40,60,270203.3333333333,1379.7666666666667
2185,6058.T,ベクトル,0.65,39,60,462650.0,3347.8
2194,6070.T,キャリアリンク,0.55,33,60,836028.3333333334,2524.133333333333
2195,6071.T,ＩＢＪ,0.6166666666666667,37,60,325811.6666666667,999.4166666666666
2196,6072.T,地盤ネットホールディングス,0.5833333333333334,35,60,207555.0,212.28333333333333
2199,6077.T,Ｎ・フィールド,0.7166666666666667,43,60,329318.3333333333,1175.3666666666666
2202,6081.T,アライドアーキテクツ,0.65,39,60,464163.3333333333,607.4
2213,6093.T,エスクロー・エージェント・ジャパン,0.5333333333333333,32,60,257990.0,296.4166666666667
2215,6095.T,メドピア,0.6166666666666667,37,60,431665.0,6438.333333333333
2217,6098.T,リクルートホールディングス,0.6166666666666667,37,60,3699300.0,5166.816666666667
2219,6101.T,ツガミ,0.6333333333333333,38,60,447170.0,1686.1166666666666
2222,6113.T,アマダ,0.6333333333333333,38,60,1760653.3333333333,1269.05
2227,6134.T,ＦＵＪＩ,0.6333333333333333,38,60,318310.0,2787.4666666666667
2229,6136.T,オーエスジー,0.5333333333333333,32,60,231568.33333333334,1959.2833333333333
2232,6140.T,旭ダイヤモンド工業,0.65,39,60,204931.66666666666,527.2833333333333
2233,6141.T,ＤＭＧ森精機,0.5666666666666667,34,60,1100558.3333333333,1751.8166666666666
2234,6143.T,ソディック,0.5833333333333334,35,60,385840.0,1024.6
2253,6172.T,メタップス,0.65,39,60,540468.3333333334,1220.7
2258,6177.T,ＡｐｐＢａｎｋ,0.55,33,60,751501.6666666666,193.18333333333334
2259,6178.T,日本郵政,0.65,39,60,9345256.666666666,950.3316640218098
2261,6181.T,タメニー,0.6166666666666667,37,60,725546.6666666666,167.43333333333334
2262,6182.T,ロゼッタ,0.5666666666666667,34,60,471838.3333333333,2355.7166666666667
2264,6184.T,鎌倉新書,0.5666666666666667,34,60,433141.6666666667,1107.5833333333333
2270,6191.T,エアトリ,0.5833333333333334,35,60,367083.3333333333,2094.25
2271,6192.T,ハイアス・アンド・カンパニー,0.7,42,60,473265.0,155.76666666666668
2274,6195.T,ホープ,0.6,36,60,297900.0,2287.483333333333
2276,6197.T,ソラスト,0.7166666666666667,43,60,215838.33333333334,1440.5833333333333
2278,6199.T,セラク,0.6666666666666666,40,60,364846.6666666667,1913.4333333333334
2279,6200.T,インソース,0.6166666666666667,37,60,285590.0,2329.8166666666666
2280,6201.T,豊田自動織機,0.6166666666666667,37,60,512751.6666666667,9580.333333333334
2294,6235.T,オプトラン,0.6666666666666666,40,60,402655.0,2752.483333333333
2299,6240.T,ヤマシンフィルタ,0.6,36,60,388171.6666666667,868.8833333333333
2306,6254.T,野村マイクロ・サイエンス,0.75,45,60,346275.0,3759.3333333333335
2307,6255.T,エヌ・ピー・シー,0.6333333333333333,38,60,1556726.6666666667,747.6666666666666
2311,6264.T,マルマエ,0.7333333333333333,44,60,240851.66666666666,1401.9666666666667
2313,6266.T,タツモ,0.6,36,60,248450.0,1783.1166666666666
2315,6268.T,ナブテスコ,0.65,39,60,583263.3333333334,4977.916666666667
2316,6269.T,三井海洋開発,0.7,42,60,250376.66666666666,2083.8333333333335
2337,6301.T,小松製作所,0.6,36,60,3159636.6666666665,3292.075
2338,6302.T,住友重機械工業,0.55,33,60,555556.6666666666,3093.233333333333
2340,6305.T,日立建機,0.6166666666666667,37,60,660086.6666666666,3365.383333333333
2346,6315.T,ＴＯＷＡ,0.6166666666666667,37,60,357853.3333333333,2115.0
2349,6319.T,シンニッタン,0.6166666666666667,37,60,311490.0,255.58333333333334
2352,6324.T,ハーモニック・ドライブ・システムズ,0.6833333333333333,41,60,236968.33333333334,7909.0
2354,6326.T,クボタ,0.6,36,60,2808978.3333333335,2493.516666666667
2355,6327.T,北川精機,0.6,36,60,207520.0,773.9166666666666
2357,6330.T,東洋エンジニアリング,0.6833333333333333,41,60,918211.6666666666,640.6
2380,6361.T,荏原製作所,0.7166666666666667,43,60,698985.0,4387.083333333333
2385,6366.T,千代田化工建設,0.6666666666666666,40,60,5256003.333333333,474.53333333333336
2386,6367.T,ダイキン工業,0.5333333333333333,32,60,776250.0,22354.416666666668
2389,6370.T,栗田工業,0.6166666666666667,37,60,381401.6666666667,4654.583333333333
2392,6376.T,日機装,0.6166666666666667,37,60,267033.3333333333,1138.65
2393,6378.T,木村化工機,0.5833333333333334,35,60,702361.6666666666,681.1166666666667
2398,6383.T,ダイフク,0.7,42,60,708686.6666666666,10873.0
2405,6395.T,タダノ,0.65,39,60,369846.6666666667,1130.1833333333334
2407,6400.T,不二精機,0.6,36,60,399621.6666666667,711.55
2412,6407.T,ＣＫＤ,0.6166666666666667,37,60,525118.3333333334,2363.55
2416,6412.T,平和,0.5833333333333334,35,60,338125.0,1782.3
2420,6417.T,ＳＡＮＫＹＯ,0.5833333333333334,35,60,267578.3333333333,2977.6
2428,6432.T,竹内製作所,0.6333333333333333,38,60,232400.0,2903.016666666667
2429,6433.T,ヒーハイスト,0.65,39,60,229405.0,383.56666666666666
2431,6440.T,ＪＵＫＩ,0.5666666666666667,34,60,511435.0,848.6166666666667
2432,6444.T,サンデンホールディングス,0.7166666666666667,43,60,293338.3333333333,398.3666666666667
2433,6445.T,蛇の目ミシン工業,0.75,45,60,456485.0,836.0333333333333
2434,6448.T,ブラザー工業,0.7,42,60,881856.6666666666,2376.45
2437,6457.T,グローリー,0.6166666666666667,37,60,248933.33333333334,2369.5833333333335
2440,6460.T,セガサミーホールディングス,0.5833333333333334,35,60,870086.6666666666,1726.3166666666666
2444,6464.T,ツバキ・ナカシマ,0.7,42,60,462495.0,1476.0666666666666
2449,6470.T,大豊工業,0.65,39,60,279451.6666666667,932.35
2450,6471.T,日本精工,0.65,39,60,2524036.6666666665,1088.1333333333334
2451,6472.T,ＮＴＮ,0.6,36,60,5412186.666666667,326.93333333333334
2452,6473.T,ジェイテクト,0.6833333333333333,41,60,1765568.3333333333,1126.9666666666667
2454,6479.T,ミネベアミツミ,0.65,39,60,1448018.3333333333,2742.5833333333335
2455,6480.T,日本トムソン,0.55,33,60,494911.6666666667,617.5666666666667
2456,6481.T,ＴＨＫ,0.6166666666666667,37,60,633660.0,3732.0833333333335
2466,6494.T,ＮＦＫホールディングス,0.6666666666666666,40,60,333795.0,123.31666666666666
2467,6495.T,宮入バルブ製作所,0.75,45,60,258711.66666666666,166.05
2470,6498.T,キッツ,0.7,42,60,239051.66666666666,641.3166666666667
2471,6501.T,日立製作所,0.6833333333333333,41,60,3682248.3333333335,5107.866666666667
2472,6502.T,東芝,0.6166666666666667,37,60,5058941.666666667,3913.6666666666665
2473,6503.T,三菱電機,0.55,33,60,4164841.6666666665,1673.1916666666666
2474,6504.T,富士電機,0.65,39,60,633055.0,4678.416666666667
2476,6506.T,安川電機,0.6666666666666666,40,60,1513411.6666666667,5493.833333333333
2478,6508.T,明電舎,0.6333333333333333,38,60,204948.33333333334,2424.45
2484,6532.T,ベイカレント・コンサルティング,0.7166666666666667,43,60,216226.66666666666,24254.833333333332
2486,6535.T,アイモバイル,0.6333333333333333,38,60,293221.6666666667,1381.2333333333333
2488,6538.T,キャリアインデックス,0.65,39,60,226415.0,625.65
2491,6541.T,グレイステクノロジー,0.7166666666666667,43,60,571998.3333333334,2864.7
2494,6544.T,ジャパンエレベーターサービスホールディングス,0.6,36,60,334105.0,2313.983333333333
2506,6556.T,ウェルビー,0.4666666666666667,28,60,214271.66666666666,1508.0333333333333
2521,6572.T,ＲＰＡホールディングス,0.6,36,60,350380.0,681.1833333333333
2529,6580.T,ライトアップ,0.55,33,60,313618.3333333333,2832.75
2530,6584.T,三櫻工業,0.6666666666666666,40,60,1451056.6666666667,1129.3833333333334
2531,6586.T,マキタ,0.6833333333333333,41,60,722376.6666666666,4863.166666666667
2534,6592.T,マブチモーター,0.6333333333333333,38,60,260570.0,4880.833333333333
2535,6594.T,日本電産,0.65,39,60,2143745.0,13687.0
2539,6612.T,バルミューダ,0.5333333333333333,32,60,289556.6666666667,6839.0
2541,6614.T,シキノハイテック,0.4230769230769231,11,26,2690800.0,1929.923076923077
2542,6615.T,ユー・エム・シー・エレクトロニクス,0.6333333333333333,38,60,453900.0,861.4333333333333
2546,6619.T,ダブル・スコープ,0.6,36,60,1697155.0,790.4
2547,6620.T,宮越ホールディングス,0.6166666666666667,37,60,442163.3333333333,943.8666666666667
2549,6625.T,ＪＡＬＣＯホールディングス,0.5166666666666667,31,60,245010.0,219.1
2552,6628.T,オンキヨーホームエンターテイメント,0.7,42,60,39315420.0,11.816666666666666
2553,6629.T,テクノホライゾン,0.5333333333333333,32,60,942773.3333333334,1122.2833333333333
2554,6630.T,ヤーマン,0.6,36,60,658878.3333333334,1660.9666666666667
2555,6632.T,ＪＶＣケンウッド,0.7,42,60,3412083.3333333335,219.95
2557,6634.T,ネクスグループ,0.5833333333333334,35,60,227676.66666666666,198.66666666666666
2566,6645.T,オムロン,0.7833333333333333,47,60,647643.3333333334,8998.666666666666
2575,6659.T,メディアリンクス,0.7,42,60,672183.3333333334,443.55
2581,6670.T,ＭＣＪ,0.6,36,60,355108.3333333333,975.2333333333333
2582,6674.T,ジーエス・ユアサ　コーポレーション,0.5833333333333334,35,60,427155.0,3117.016666666667
2590,6697.T,テックポイント・インク　ＪＤＲ,0.7,42,60,200313.33333333334,1296.0
2592,6699.T,ダイヤモンドエレクトリックホールディングス,0.5166666666666667,31,60,564671.6666666666,2840.85
2593,6701.T,日本電気,0.6333333333333333,38,60,1248638.3333333333,6381.666666666667
2594,6702.T,富士通,0.6166666666666667,37,60,652871.6666666666,16054.916666666666
2595,6703.T,沖電気工業,0.65,39,60,514456.6666666667,1133.1666666666667
2602,6721.T,ウインテスト,0.6166666666666667,37,60,852351.6666666666,294.68333333333334
2603,6723.T,ルネサスエレクトロニクス,0.6,36,60,10071751.666666666,1227.7333333333333
2604,6724.T,セイコーエプソン,0.6,36,60,1585675.0,1840.2333333333333
2605,6727.T,ワコム,0.6833333333333333,41,60,1346370.0,771.2333333333333
2606,6728.T,アルバック,0.65,39,60,305051.6666666667,4837.166666666667
2608,6731.T,ピクセラ,0.7,42,60,4299276.666666667,27.4
2612,6740.T,ジャパンディスプレイ,0.7,42,60,7385761.666666667,48.28333333333333
2620,6752.T,パナソニック,0.7,42,60,7381556.666666667,1398.8083333333334
2621,6753.T,シャープ,0.6666666666666666,40,60,3251490.0,1984.2666666666667
2622,6754.T,アンリツ,0.6,36,60,2031165.0,2424.9
2623,6755.T,富士通ゼネラル,0.65,39,60,273480.0,3020.5333333333333
2625,6758.T,ソニー,0.7166666666666667,43,60,4939583.333333333,11665.666666666666
2626,6762.T,ＴＤＫ,0.6333333333333333,38,60,775026.6666666666,15656.833333333334
2628,6768.T,タムラ製作所,0.6,36,60,394770.0,531.2
2630,6770.T,アルプスアルパイン,0.6333333333333333,38,60,2591748.3333333335,1441.5166666666667
2634,6776.T,天昇電気工業,0.48333333333333334,29,60,364893.3333333333,556.4333333333333
2636,6778.T,アルチザネットワークス,0.5333333333333333,32,60,259030.0,1899.45
2637,6779.T,日本電波工業,0.6,36,60,416635.0,731.3833333333333
2646,6803.T,ティアック,0.5166666666666667,31,60,2056616.6666666667,138.2
2647,6804.T,ホシデン,0.6833333333333333,41,60,318985.0,1098.9833333333333
2649,6807.T,日本航空電子工業,0.6666666666666666,40,60,239910.0,1742.8833333333334
2663,6835.T,アライドテレシスホールディングス,0.55,33,60,2250533.3333333335,121.06666666666666
2667,6839.T,船井電機,0.65,39,60,823666.6666666666,715.3333333333334
2669,6841.T,横河電機,0.5833333333333334,35,60,832618.3333333334,2115.866666666667
2671,6845.T,アズビル,0.7166666666666667,43,60,483201.6666666667,4740.833333333333
2673,6849.T,日本光電工業,0.6666666666666666,40,60,376661.6666666667,3168.1666666666665
2676,6855.T,日本電子材料,0.45,27,60,453533.3333333333,1930.95
2678,6857.T,アドバンテスト,0.65,39,60,1927495.0,9524.5
2681,6861.T,キーエンス,0.6333333333333333,38,60,632241.6666666666,52388.333333333336
2682,6862.T,ミナトホールディングス,0.5333333333333333,32,60,249740.0,445.75
2687,6869.T,シスメックス,0.5666666666666667,34,60,384836.6666666667,11509.333333333334
2689,6871.T,日本マイクロニクス,0.6833333333333333,41,60,429536.6666666667,1746.7666666666667
2697,6890.T,フェローテックホールディングス,0.6666666666666666,40,60,1002921.6666666666,2219.0333333333333
2699,6897.T,ツインバード工業,0.6666666666666666,40,60,485255.0,1425.85
2703,6902.T,デンソー,0.7833333333333333,47,60,1795435.0,7024.516666666666
2706,6907.T,ジオマテック,0.5,30,60,396916.6666666667,949.2666666666667
2714,6920.T,レーザーテック,0.6833333333333333,41,60,2119685.0,15084.333333333334
2715,6923.T,スタンレー電気,0.6166666666666667,37,60,389263.3333333333,3361.6666666666665
2717,6925.T,ウシオ電機,0.6166666666666667,37,60,615013.3333333334,1429.8833333333334
2724,6937.T,古河電池,0.5166666666666667,31,60,388215.0,1669.9833333333333
2731,6951.T,日本電子,0.65,39,60,305591.6666666667,4547.166666666667
2732,6952.T,カシオ計算機,0.5666666666666667,34,60,1013810.0,2043.7666666666667
2733,6954.T,ファナック,0.6166666666666667,37,60,814401.6666666666,27045.333333333332
2734,6955.T,ＦＤＫ,0.5833333333333334,35,60,332640.0,1418.3666666666666
2736,6958.T,日本シイエムケイ,0.6666666666666666,40,60,262560.0,464.01666666666665
2740,6963.T,ローム,0.75,45,60,598473.3333333334,11063.833333333334
2742,6965.T,浜松ホトニクス,0.7333333333333333,44,60,330235.0,6530.333333333333
2743,6966.T,三井ハイテック,0.6666666666666666,40,60,316853.3333333333,4380.0
2744,6967.T,新光電気工業,0.5166666666666667,31,60,940483.3333333334,3149.633333333333
2745,6969.T,松尾電機,0.55,33,60,451205.0,719.6333333333333
2746,6971.T,京セラ,0.5333333333333333,32,60,997346.6666666666,7132.15
2748,6976.T,太陽誘電,0.6166666666666667,37,60,1813781.6666666667,5431.5
2750,6981.T,村田製作所,0.6333333333333333,38,60,2748538.3333333335,9209.733333333334
2751,6982.T,リード,0.6166666666666667,37,60,233770.0,769.3166666666667
2753,6988.T,日東電工,0.75,45,60,632336.6666666666,9457.0
2755,6993.T,大黒屋ホールディングス,0.6333333333333333,38,60,12925483.333333334,36.85
2758,6996.T,ニチコン,0.6666666666666666,40,60,773765.0,1162.9666666666667
2759,6997.T,日本ケミコン,0.6166666666666667,37,60,295256.6666666667,1820.4
2762,7003.T,三井Ｅ＆Ｓホールディングス,0.65,39,60,2268710.0,510.5
2763,7004.T,日立造船,0.7333333333333333,44,60,4592846.666666667,799.2
2764,7011.T,三菱重工業,0.6333333333333333,38,60,1515815.0,3293.25
2765,7012.T,川崎重工業,0.5833333333333334,35,60,1482813.3333333333,2563.5
2766,7013.T,ＩＨＩ,0.6,36,60,1801256.6666666667,2132.9333333333334
2767,7014.T,名村造船所,0.7333333333333333,44,60,1338151.6666666667,203.11666666666667
2788,7048.T,ベルトラ,0.5333333333333333,32,60,613583.3333333334,591.7833333333333
2803,7068.T,フィードフォース,0.6,36,60,211191.66666666666,1118.8
2812,7078.T,ＩＮＣＬＵＳＩＶＥ,0.6166666666666667,37,60,767631.6666666666,1544.1722259521484
2819,7085.T,カーブスホールディングス,0.55,33,60,306218.3333333333,977.3166666666667
2828,7094.T,ＮｅｘＴｏｎｅ,0.6333333333333333,38,60,227361.66666666666,3165.15
2835,7148.T,ＦＰＧ,0.0,0,1,1540200.0,725.0
2841,7167.T,めぶきフィナンシャルグループ,0.6,36,60,7119315.0,246.06666666666666
2844,7172.T,ジャパンインベストメントアドバイザー,0.65,39,60,353535.0,1436.2
2848,7177.T,ＧＭＯフィナンシャルホールディングス,0.7,42,60,987388.3333333334,896.0833333333334
2849,7180.T,九州フィナンシャルグループ,0.75,45,60,675781.6666666666,459.21666666666664
2850,7181.T,かんぽ生命保険,0.6833333333333333,41,60,1229136.6666666667,2229.5
2851,7182.T,ゆうちょ銀行,0.6333333333333333,38,60,3330226.6666666665,1031.65
2855,7186.T,コンコルディア・フィナンシャルグループ,0.6333333333333333,38,60,3637758.3333333335,434.25
2856,7187.T,ジェイリース,0.5666666666666667,34,60,424776.6666666667,803.3333333333334
2857,7189.T,西日本フィナンシャルホールディングス,0.65,39,60,396111.6666666667,743.1
2864,7201.T,日産自動車,0.6833333333333333,41,60,18732485.0,590.930000813802
2865,7202.T,いすゞ自動車,0.65,39,60,3159008.3333333335,1139.7666666666667
2866,7203.T,トヨタ自動車,0.65,39,60,6383528.333333333,8240.65
2867,7205.T,日野自動車,0.5333333333333333,32,60,2503385.0,975.0
2869,7211.T,三菱自動車工業,0.6666666666666666,40,60,22141043.333333332,308.01666666666665
2877,7220.T,武蔵精密工業,0.5333333333333333,32,60,316305.0,1922.55
2879,7224.T,新明和工業,0.5833333333333334,35,60,270128.3333333333,993.2666666666667
2886,7238.T,曙ブレーキ工業,0.5666666666666667,34,60,2656816.6666666665,184.11666666666667
2888,7240.T,ＮＯＫ,0.5833333333333334,35,60,488386.6666666667,1484.2
2889,7241.T,フタバ産業,0.7,42,60,278546.6666666667,570.1333333333333
2893,7246.T,プレス工業,0.7833333333333333,47,60,373880.0,335.98333333333335
2896,7254.T,ユニバンス,0.5666666666666667,34,60,950336.6666666666,346.55
2898,7256.T,河西工業,0.6666666666666666,40,60,249258.33333333334,435.2
2899,7259.T,アイシン精機,0.6666666666666666,40,60,954006.6666666666,3877.1666666666665
2900,7261.T,マツダ,0.5333333333333333,32,60,5237625.0,886.65
2904,7267.T,本田技研工業,0.6833333333333333,41,60,5132921.666666667,3185.5833333333335
2906,7269.T,スズキ,0.6833333333333333,41,60,1643876.6666666667,4786.066666666667
2907,7270.T,ＳＵＢＡＲＵ,0.5833333333333334,35,60,3674030.0,2114.925
2909,7272.T,ヤマハ発動機,0.6166666666666667,37,60,1777338.3333333333,2609.2166666666667
2911,7276.T,小糸製作所,0.6166666666666667,37,60,435840.0,7488.666666666667
2913,7278.T,エクセディ,0.65,39,60,276720.0,1674.6833333333334
2916,7282.T,豊田合成,0.6833333333333333,41,60,428131.6666666667,2888.383333333333
2917,7283.T,愛三工業,0.5666666666666667,34,60,279593.3333333333,645.9333333333333
2923,7296.T,エフ・シー・シー,0.5833333333333334,35,60,220970.0,1807.05
2928,7309.T,シマノ,0.7333333333333333,44,60,242160.0,25506.666666666668
2929,7313.T,テイ・エス　テック,0.7,42,60,306188.3333333333,1618.3083333333334
2938,7337.T,ひろぎんホールディングス,0.6833333333333333,41,60,599990.0,656.3333333333334
2941,7342.T,ウェルスナビ,0.6166666666666667,37,60,1109471.6666666667,3468.35
2942,7343.T,ブロードマインド,0.56,14,25,1026036.0,1219.72
2943,7351.T,グッドパッチ,0.7,42,60,222118.33333333334,2917.733333333333
2953,7361.T,ヒューマンクリエイションホールディングス,0.5151515151515151,17,33,418248.48484848486,2510.848484848485
2955,7363.T,ベビーカレンダー,0.4230769230769231,11,26,619284.6153846154,9952.692307692309
2959,7412.T,アトム,0.65,39,60,1446883.3333333333,822.7166666666667
2983,7453.T,良品計画,0.48333333333333334,29,60,2159238.3333333335,2544.2833333333333
2987,7459.T,メディパルホールディングス,0.7333333333333333,44,60,555990.0,2190.5
3017,7513.T,コジマ,0.75,45,60,353980.0,727.1333333333333
3020,7516.T,コーナン商事,0.6666666666666666,40,60,324896.6666666667,3084.3333333333335
3021,7518.T,ネットワンシステムズ,0.6333333333333333,38,60,515486.6666666667,3521.1666666666665
3022,7519.T,五洋インテックス,0.6666666666666666,40,60,748326.6666666666,143.85
3029,7527.T,システムソフト,0.5166666666666667,31,60,4288778.333333333,152.76666666666668
3031,7532.T,パン・パシフィック・インターナショナルホールディングス,0.48333333333333334,29,60,1365215.0,2547.266666666667
3036,7545.T,西松屋チェーン,0.5333333333333333,32,60,823751.6666666666,1580.6666666666667
3037,7550.T,ゼンショーホールディングス,0.48333333333333334,29,60,415646.6666666667,2889.383333333333
3049,7571.T,ヤマノホールディングス,0.55,33,60,250818.33333333334,68.81666666666666
3050,7575.T,日本ライフライン,0.5666666666666667,34,60,250200.0,1429.75
3052,7581.T,サイゼリヤ,0.6833333333333333,41,60,235436.66666666666,2295.15
3056,7593.T,ＶＴホールディングス,0.55,33,60,506531.6666666667,434.03333333333336
3061,7599.T,ＩＤＯＭ,0.6333333333333333,38,60,446395.0,662.1333333333333
3068,7606.T,ユナイテッドアローズ,0.65,39,60,335271.6666666667,1996.8333333333333
3072,7610.T,テイツー,0.75,45,60,1488196.6666666667,89.5
3077,7616.T,コロワイド,0.5833333333333334,35,60,372703.3333333333,1963.7166666666667
3081,7623.T,サンオータス,0.6333333333333333,38,60,224538.33333333334,495.1
3083,7625.T,グローバルダイニング,0.6833333333333333,41,60,1123278.3333333333,245.03333333333333
3094,7647.T,音通,0.8,48,60,84618620.0,33.4
3095,7649.T,スギホールディングス,0.6166666666666667,37,60,217853.33333333334,8200.666666666666
3120,7701.T,島津製作所,0.7333333333333333,44,60,728906.6666666666,4041.9166666666665
3121,7702.T,ＪＭＳ,0.7833333333333333,47,60,364261.6666666667,981.5833333333334
3123,7707.T,プレシジョン・システム・サイエンス,0.6833333333333333,41,60,720411.6666666666,953.3333333333334
3138,7729.T,東京精密,0.6666666666666666,40,60,274601.6666666667,5084.166666666667
3140,7731.T,ニコン,0.6166666666666667,37,60,3431270.0,985.35
3141,7732.T,トプコン,0.6,36,60,382416.6666666667,1397.15
3142,7733.T,オリンパス,0.6166666666666667,37,60,3538533.3333333335,2270.9166666666665
3144,7735.T,ＳＣＲＥＥＮホールディングス,0.75,45,60,744046.6666666666,9427.5
3147,7741.T,ＨＯＹＡ,0.7,42,60,974981.6666666666,12920.0
3150,7745.T,エー・アンド・デイ,0.6166666666666667,37,60,225661.66666666666,1283.0333333333333
3151,7746.T,岡本硝子,0.6333333333333333,38,60,355273.3333333333,201.78333333333333
3152,7747.T,朝日インテック,0.75,45,60,872423.3333333334,3122.85
3155,7751.T,キヤノン,0.5833333333333334,35,60,4559485.0,2441.025
3156,7752.T,リコー,0.5666666666666667,34,60,4760785.0,1092.35
3159,7762.T,シチズン時計,0.6166666666666667,37,60,2262953.3333333335,385.8333333333333
3165,7777.T,スリー・ディー・マトリックス,0.7166666666666667,43,60,229040.0,282.51666666666665
3166,7779.T,ＣＹＢＥＲＤＹＮＥ,0.6166666666666667,37,60,1223883.3333333333,648.35
3175,7806.T,ＭＴＧ,0.5166666666666667,31,60,247360.0,1575.15
3185,7816.T,スノーピーク,0.6,36,60,572713.3333333334,3234.8333333333335
3195,7829.T,サマンサタバサジャパンリミテッド,0.7666666666666667,46,60,904076.6666666666,137.8
3196,7831.T,ウイルコホールディングス,0.6,36,60,1884868.3333333333,171.63333333333333
3197,7832.T,バンダイナムコホールディングス,0.6333333333333333,38,60,764428.3333333334,8308.166666666666
3199,7836.T,アビックス,0.6666666666666666,40,60,285680.0,125.16666666666667
3205,7844.T,マーベラス,0.6,36,60,341885.0,883.2666666666667
3210,7851.T,カワセコンピュータサプライ,0.6333333333333333,38,60,328555.0,277.9
3215,7860.T,エイベックス,0.65,39,60,789591.6666666666,1491.35
3218,7864.T,フジシールインターナショナル,0.6833333333333333,41,60,220291.66666666666,2355.15
3220,7867.T,タカラトミー,0.7166666666666667,43,60,408348.3333333333,1006.1
3221,7868.T,廣済堂,0.6,36,60,207350.0,975.9333333333333
3234,7888.T,三光合成,0.6333333333333333,38,60,356625.0,449.85
3238,7897.T,ホクシン,0.7166666666666667,43,60,3890446.6666666665,126.61666666666666
3245,7908.T,きもと,0.7,42,60,321311.6666666667,216.23333333333332
3246,7911.T,凸版印刷,0.65,39,60,1089340.0,1815.6833333333334
3247,7912.T,大日本印刷,0.7166666666666667,43,60,1047643.3333333334,2182.0666666666666
3253,7919.T,野崎印刷紙業,0.6833333333333333,41,60,476528.3333333333,142.6
3262,7936.T,アシックス,0.6,36,60,684171.6666666666,1830.0666666666666
3274,7951.T,ヤマハ,0.5833333333333334,35,60,501646.6666666667,6137.0
3278,7956.T,ピジョン,0.6166666666666667,37,60,547036.6666666666,4113.416666666667
3290,7974.T,任天堂,0.7333333333333333,44,60,944920.0,63696.166666666664
3297,7984.T,コクヨ,0.6166666666666667,37,60,318316.6666666667,1633.6166666666666
3301,7988.T,ニフコ,0.6666666666666666,40,60,245960.0,3930.5
3305,7992.T,セーラー万年筆,0.5166666666666667,31,60,874691.6666666666,208.86666666666667
3306,7994.T,オカムラ,0.6333333333333333,38,60,347403.3333333333,1207.0166666666667
3310,8001.T,伊藤忠商事,0.6,36,60,4248980.0,3384.016666666667
3311,8002.T,丸紅,0.7666666666666667,46,60,8039653.333333333,861.6049967447917
3312,8005.T,スクロール,0.6166666666666667,37,60,1433585.0,1132.5833333333333
3317,8012.T,長瀬産業,0.5,30,60,232096.66666666666,1749.0333333333333
3320,8015.T,豊田通商,0.48333333333333334,29,60,665980.0,4694.416666666667
3321,8016.T,オンワードホールディングス,0.6333333333333333,38,60,2218181.6666666665,295.8
3323,8020.T,兼松,0.5833333333333334,35,60,229230.0,1456.4
3329,8031.T,三井物産,0.5833333333333334,35,60,5412715.0,2256.4
3331,8035.T,東京エレクトロン,0.5833333333333334,35,60,1053061.6666666667,45163.5
3340,8050.T,セイコーホールディングス,0.6166666666666667,37,60,284351.6666666667,1880.0166666666667
3343,8053.T,住友商事,0.65,39,60,4149180.0,1552.35
3344,8056.T,日本ユニシス,0.65,39,60,528173.3333333334,3384.8333333333335
3346,8058.T,三菱商事,0.7,42,60,4679661.666666667,3045.6
3363,8086.T,ニプロ,0.6166666666666667,37,60,1028610.0,1344.6
3365,8088.T,岩谷産業,0.6666666666666666,40,60,410086.6666666667,6552.0
3370,8095.T,イワキ,0.7166666666666667,43,60,341580.0,654.9833333333333
3374,8101.T,ＧＳＩクレオス,0.75,45,60,237016.66666666666,1263.8833333333334
3378,8107.T,キムラタン,0.8166666666666667,49,60,620418.3333333334,25.35
3381,8113.T,ユニ・チャーム,0.7166666666666667,43,60,1400193.3333333333,4546.8
3396,8136.T,サンリオ,0.6,36,60,309080.0,1760.4833333333333
3417,8165.T,千趣会,0.5166666666666667,31,60,213573.33333333334,379.1666666666667
3420,8168.T,ケーヨー,0.5333333333333333,32,60,220856.66666666666,731.1666666666666
3422,8174.T,日本瓦斯,0.7,42,60,440431.6666666667,1824.9777811686197
3427,8186.T,大塚家具,0.55,33,60,1183043.3333333333,257.15
3432,8203.T,ＭｒＭａｘＨＤ,0.6833333333333333,41,60,219041.66666666666,731.35
3436,8214.T,ＡＯＫＩホールディングス,0.7666666666666667,46,60,526140.0,638.1166666666667
3440,8219.T,青山商事,0.7333333333333333,44,60,1219560.0,811.1666666666666
3442,8226.T,理経,0.7,42,60,379948.3333333333,216.06666666666666
3443,8227.T,しまむら,0.6666666666666666,40,60,204343.33333333334,11420.833333333334
3445,8233.T,高島屋,0.5666666666666667,34,60,1317175.0,1146.6166666666666
3447,8242.T,エイチ・ツー・オー　リテイリング,0.6166666666666667,37,60,710136.6666666666,875.4166666666666
3451,8252.T,丸井グループ,0.65,39,60,893188.3333333334,2095.4166666666665
3452,8253.T,クレディセゾン,0.5333333333333333,32,60,995781.6666666666,1346.0333333333333
3455,8256.T,プロルート丸光,0.7166666666666667,43,60,554615.0,195.56666666666666
3457,8267.T,イオン,0.5666666666666667,34,60,2305140.0,3258.7916666666665
3464,8282.T,ケーズホールディングス,0.55,33,60,927493.3333333334,1507.8333333333333
3472,8303.T,新生銀行,0.6166666666666667,37,60,1518933.3333333333,1665.9
3473,8304.T,あおぞら銀行,0.5666666666666667,34,60,1110308.3333333333,2394.983333333333
3474,8306.T,三菱ＵＦＪフィナンシャル・グループ,0.7,42,60,77355991.66666667,579.9199956258138
3475,8308.T,りそなホールディングス,0.6833333333333333,41,60,14396036.666666666,447.8933334350586
3476,8309.T,三井住友トラスト・ホールディングス,0.6333333333333333,38,60,1278358.3333333333,3727.4
3477,8316.T,三井住友フィナンシャルグループ,0.5833333333333334,35,60,7734920.0,3873.7833333333333
3478,8331.T,千葉銀行,0.6666666666666666,40,60,2578356.6666666665,703.8166666666667
3479,8334.T,群馬銀行,0.65,39,60,1225028.3333333333,370.6
3481,8337.T,千葉興業銀行,0.6833333333333333,41,60,296638.3333333333,276.75
3482,8338.T,筑波銀行,0.6333333333333333,38,60,482995.0,184.56666666666666
3483,8341.T,七十七銀行,0.5833333333333334,35,60,266258.3333333333,1486.6666666666667
3488,8346.T,東邦銀行,0.6333333333333333,38,60,723715.0,230.56666666666666
3491,8354.T,ふくおかフィナンシャルグループ,0.6,36,60,1000858.3333333334,2047.7666666666667
3492,8355.T,静岡銀行,0.6166666666666667,37,60,2070413.3333333333,842.0166666666667
3494,8358.T,スルガ銀行,0.7,42,60,3514778.3333333335,392.78333333333336
3495,8359.T,八十二銀行,0.5666666666666667,34,60,1057070.0,382.48333333333335
3504,8368.T,百五銀行,0.6166666666666667,37,60,484520.0,323.56666666666666
3507,8377.T,ほくほくフィナンシャルグループ,0.65,39,60,402941.6666666667,1003.8333333333334
3508,8381.T,山陰合同銀行,0.7,42,60,392940.0,525.7833333333333
3509,8382.T,中国銀行,0.5833333333333334,35,60,331518.3333333333,904.3666666666667
3511,8385.T,伊予銀行,0.65,39,60,578488.3333333334,648.9666666666667
3520,8410.T,セブン銀行,0.7166666666666667,43,60,7827558.333333333,248.4
3521,8411.T,みずほフィナンシャルグループ,0.65,39,60,9641928.333333334,1577.425
3523,8418.T,山口フィナンシャルグループ,0.65,39,60,602463.3333333334,698.1333333333333
3529,8473.T,ＳＢＩホールディングス,0.65,39,60,1712295.0,3071.7833333333333
3530,8508.T,Ｊトラスト,0.6,36,60,404458.3333333333,261.5833333333333
3531,8511.T,日本証券金融,0.6166666666666667,37,60,504416.6666666667,709.8166666666667
3532,8515.T,アイフル,0.6333333333333333,38,60,6378853.333333333,304.1666666666667
3536,8524.T,北洋銀行,0.6,36,60,931568.3333333334,281.6
3542,8544.T,京葉銀行,0.75,45,60,280130.0,447.81666666666666
3543,8550.T,栃木銀行,0.6333333333333333,38,60,389968.3333333333,186.13333333333333
3546,8562.T,福島銀行,0.7333333333333333,44,60,310951.6666666667,254.68333333333334
3549,8570.T,イオンフィナンシャルサービス,0.5666666666666667,34,60,832823.3333333334,1407.35
3550,8572.T,アコム,0.55,33,60,1146020.0,496.01666666666665
3552,8585.T,オリエントコーポレーション,0.6333333333333333,38,60,6307405.0,150.2
3553,8591.T,オリックス,0.6166666666666667,37,60,5195856.666666667,1830.225
3554,8593.T,三菱ＵＦＪリース,0.6666666666666666,40,60,5060381.666666667,623.7833333333333
3555,8595.T,ジャフコ　グループ,0.7166666666666667,43,60,209106.66666666666,6840.333333333333
3557,8600.T,トモニホールディングス,0.6666666666666666,40,60,334091.6666666667,317.7
3558,8601.T,大和証券グループ本社,0.6833333333333333,41,60,5020940.0,557.2416666666667
3559,8604.T,野村ホールディングス,0.6166666666666667,37,60,22977776.666666668,622.9316680908203
3560,8609.T,岡三証券グループ,0.5833333333333334,35,60,518896.6666666667,439.9166666666667
3561,8613.T,丸三証券,0.7,42,60,374835.0,637.25
3562,8614.T,東洋証券,0.5833333333333334,35,60,650348.3333333334,183.78333333333333
3563,8616.T,東海東京フィナンシャル・ホールディングス,0.6166666666666667,37,60,1508106.6666666667,391.56666666666666
3565,8622.T,水戸証券,0.6833333333333333,41,60,368776.6666666667,308.46666666666664
3566,8624.T,いちよし証券,0.7,42,60,324653.3333333333,605.1666666666666
3567,8628.T,松井証券,0.85,51,60,773603.3333333334,915.9
3568,8630.T,ＳＯＭＰＯホールディングス,0.6,36,60,965973.3333333334,4205.983333333334
3569,8697.T,日本取引所グループ,0.7166666666666667,43,60,1322098.3333333333,2567.9666666666667
3570,8698.T,マネックスグループ,0.5166666666666667,31,60,32581153.333333332,914.9166666666666
3573,8704.T,トレイダーズホールディングス,0.5666666666666667,34,60,489201.6666666667,348.1333333333333
3574,8705.T,岡藤日産証券ホールディングス,0.5333333333333333,32,60,246153.33333333334,175.38333333333333
3578,8713.T,フィデアホールディングス,0.6,36,60,1047988.3333333334,130.65
3579,8714.T,池田泉州ホールディングス,0.8166666666666667,49,60,2185316.6666666665,171.98333333333332
3580,8715.T,アニコム　ホールディングス,0.7,42,60,307065.0,1046.5333333333333
3581,8725.T,ＭＳ＆ＡＤインシュアランスグループホールディングス,0.7,42,60,1639250.0,3196.5666666666666
3582,8732.T,マネーパートナーズグループ,0.5833333333333334,35,60,2389175.0,264.5
3584,8739.T,スパークス・グループ,0.6166666666666667,37,60,600708.3333333334,315.0
3587,8746.T,第一商品,0.6166666666666667,37,60,340283.3333333333,175.55
3589,8750.T,第一生命ホールディングス,0.65,39,60,4617716.666666667,1929.7666666666667
3590,8766.T,東京海上ホールディングス,0.65,39,60,2019118.3333333333,5396.016666666666
3594,8783.T,ＧＦＡ,0.5666666666666667,34,60,260136.66666666666,143.3
3595,8789.T,フィンテック　グローバル,0.65,39,60,3541420.0,64.01666666666667
3597,8795.T,Ｔ＆Ｄホールディングス,0.5666666666666667,34,60,2614703.3333333335,1404.35
3599,8801.T,三井不動産,0.6833333333333333,41,60,2812738.3333333335,2468.825
3600,8802.T,三菱地所,0.6333333333333333,38,60,3511150.0,1880.675
3602,8804.T,東京建物,0.6,36,60,722668.3333333334,1633.4666666666667
3605,8830.T,住友不動産,0.65,39,60,1117950.0,3753.8333333333335
3607,8836.T,ＲＩＳＥ,0.8166666666666667,49,60,650066.6666666666,28.483333333333334
3611,8848.T,レオパレス２１,0.6666666666666666,40,60,3626653.3333333335,148.6
3618,8876.T,リログループ,0.6833333333333333,41,60,544341.6666666666,2370.25
3626,8892.T,日本エスコン,0.6833333333333333,41,60,211286.66666666666,778.85
3627,8893.T,新日本建物,0.6666666666666666,40,60,243946.66666666666,424.73333333333335
3628,8894.T,ＲＥＶＯＬＵＴＩＯＮ,0.6666666666666666,40,60,2382800.0,35.31666666666667
3629,8897.T,タカラレーベン,0.6333333333333333,38,60,545995.0,366.6333333333333
3633,8905.T,イオンモール,0.7166666666666667,43,60,828248.3333333334,1848.6833333333334
3639,8918.T,ランド,0.8,48,60,33227820.0,10.983333333333333
3645,8925.T,アルデプロ,0.6666666666666666,40,60,1552185.0,55.7
3683,9001.T,東武鉄道,0.65,39,60,522100.0,3032.45
3684,9003.T,相鉄ホールディングス,0.6666666666666666,40,60,254216.66666666666,2495.883333333333
3685,9005.T,東急,0.65,39,60,1851980.0,1452.4833333333333
3686,9006.T,京浜急行電鉄,0.65,39,60,933073.3333333334,1665.25
3687,9007.T,小田急電鉄,0.6166666666666667,37,60,794833.3333333334,3111.5333333333333
3688,9008.T,京王電鉄,0.65,39,60,305703.3333333333,7733.833333333333
3689,9009.T,京成電鉄,0.6,36,60,433585.0,3706.0
3694,9020.T,東日本旅客鉄道,0.6666666666666666,40,60,1428133.3333333333,7777.916666666667
3695,9021.T,西日本旅客鉄道,0.6666666666666666,40,60,1297306.6666666667,6259.283333333334
3696,9022.T,東海旅客鉄道,0.6333333333333333,38,60,752426.6666666666,16792.083333333332
3697,9024.T,西武ホールディングス,0.6,36,60,2240336.6666666665,1216.85
3707,9041.T,近鉄グループホールディングス,0.65,39,60,505986.6666666667,4367.25
3708,9042.T,阪急阪神ホールディングス,0.6333333333333333,38,60,517583.3333333333,3567.6666666666665
3709,9044.T,南海電気鉄道,0.5666666666666667,34,60,237350.0,2593.366666666667
3710,9045.T,京阪ホールディングス,0.5666666666666667,34,60,220100.0,4703.916666666667
3712,9048.T,名古屋鉄道,0.6333333333333333,38,60,515945.0,2687.1833333333334
3721,9062.T,日本通運,0.5333333333333333,32,60,298010.0,8060.5
3723,9064.T,ヤマトホールディングス,0.5833333333333334,35,60,1112791.6666666667,2932.116666666667
3728,9069.T,センコーグループホールディングス,0.65,39,60,392421.6666666667,1048.4
3734,9076.T,セイノーホールディングス,0.6333333333333333,38,60,421896.6666666667,1547.6333333333334
3741,9090.T,丸和運輸機関,0.5833333333333334,35,60,255503.33333333334,1983.25
3743,9101.T,日本郵船,1.0,1,1,5146500.0,4290.0
3744,9104.T,商船三井,0.75,45,60,1933110.0,3671.766666666667
3745,9107.T,川崎汽船,0.6833333333333333,41,60,1626326.6666666667,2366.133333333333
3748,9119.T,飯野海運,0.65,39,60,582731.6666666666,502.81666666666666
3751,9142.T,九州旅客鉄道,0.6833333333333333,41,60,1206826.6666666667,2603.266666666667
3752,9143.T,ＳＧホールディングス,0.5666666666666667,34,60,1213185.0,2533.15
3759,9201.T,日本航空,0.6333333333333333,38,60,7042155.0,2388.9166666666665
3760,9202.T,ＡＮＡホールディングス,0.65,39,60,5232873.333333333,2507.9083333333333
3767,9263.T,ビジョナリーホールディングス,0.6833333333333333,41,60,419911.6666666667,455.4166666666667
3776,9273.T,コーア商事ホールディングス,0.6,36,60,208526.66666666666,727.4083333333333
3789,9301.T,三菱倉庫,0.5833333333333334,35,60,248053.33333333334,3362.9166666666665
3801,9318.T,アジア開発キャピタル,0.7333333333333333,44,60,43155876.666666664,11.716666666666667
3807,9327.T,イー・ロジット,0.56,14,25,857720.0,1794.08
3815,9363.T,大運,0.6,36,60,238158.33333333334,305.9
3816,9364.T,上組,0.6833333333333333,41,60,373190.0,2111.866666666667
3822,9375.T,近鉄エクスプレス,0.6333333333333333,38,60,240930.0,2703.383333333333
3831,9399.T,ビート・ホールディングス・リミテッド,0.6,36,60,2276030.9166666665,94.33333333333333
3832,9401.T,ＴＢＳホールディングス,0.6833333333333333,41,60,324080.0,2161.366666666667
3833,9404.T,日本テレビホールディングス,0.6,36,60,648518.3333333334,1449.9333333333334
3837,9412.T,スカパーＪＳＡＴホールディングス,0.6666666666666666,40,60,998831.6666666666,482.26666666666665
3840,9416.T,ビジョン,0.6333333333333333,38,60,486910.0,1080.6666666666667
3842,9418.T,ＵＳＥＮ－ＮＥＸＴ　ＨＯＬＤＩＮＧＳ,0.6666666666666666,40,60,362433.3333333333,2058.9166666666665
3847,9424.T,日本通信,0.55,33,60,7733565.0,245.95
3850,9432.T,日本電信電話,0.6333333333333333,38,60,6169778.333333333,2833.5833333333335
3851,9433.T,ＫＤＤＩ,0.6,36,60,5062235.0,3403.8333333333335
3852,9434.T,ソフトバンク,0.6833333333333333,41,60,10798913.333333334,1440.825
3861,9449.T,ＧＭＯインターネット,0.75,45,60,462726.6666666667,3315.0
3866,9468.T,ＫＡＤＯＫＡＷＡ,0.6833333333333333,41,60,274011.6666666667,4215.75
3867,9470.T,学研ホールディングス,0.6,36,60,531888.3333333334,1497.65
3872,9479.T,インプレスホールディングス,0.6166666666666667,37,60,441463.3333333333,227.01666666666668
3873,9501.T,東京電力ホールディングス,0.7,42,60,21837616.666666668,360.21666666666664
3874,9502.T,中部電力,0.7,42,60,1910421.6666666667,1357.475
3875,9503.T,関西電力,0.7,42,60,3031645.0,1121.875
3876,9504.T,中国電力,0.65,39,60,998878.3333333334,1315.85
3877,9505.T,北陸電力,0.6333333333333333,38,60,510706.6666666667,711.9666666666667
3878,9506.T,東北電力,0.6333333333333333,38,60,1719040.0,1002.1333333333333
3879,9507.T,四国電力,0.6833333333333333,41,60,608836.6666666666,811.4166666666666
3880,9508.T,九州電力,0.7166666666666667,43,60,1464301.6666666667,1009.35
3881,9509.T,北海道電力,0.7,42,60,984401.6666666666,480.78333333333336
3882,9511.T,沖縄電力,0.7166666666666667,43,60,212988.33333333334,1490.3
3883,9513.T,電源開発,0.6166666666666667,37,60,1638300.0,1819.6166666666666
3885,9517.T,イーレックス,0.7,42,60,794328.3333333334,1819.8833333333334
3886,9519.T,レノバ,0.7166666666666667,43,60,1647611.6666666667,3361.1666666666665
3887,9531.T,東京瓦斯,0.6666666666666666,40,60,1407275.0,2331.8083333333334
3888,9532.T,大阪瓦斯,0.6166666666666667,37,60,1216366.6666666667,2050.866666666667
3899,9602.T,東宝,0.7333333333333333,44,60,428880.0,4348.5
3900,9603.T,エイチ・アイ・エス,0.5333333333333333,32,60,2228800.0,2217.95
3902,9610.T,ウィルソン・ラーニング　ワールドワイド,0.6333333333333333,38,60,254503.33333333334,232.83333333333334
3904,9613.T,エヌ・ティ・ティ・データ,0.75,45,60,4390893.333333333,1698.5
3905,9616.T,共立メンテナンス,0.55,33,60,283306.6666666667,3682.9166666666665
3936,9684.T,スクウェア・エニックス・ホールディングス,0.5,30,60,603286.6666666666,6399.333333333333
3944,9697.T,カプコン,0.6333333333333333,38,60,1123671.6666666667,3479.5833333333335
3949,9704.T,アゴーラ・ホスピタリティー・グループ,0.7333333333333333,44,60,550163.3333333334,26.466666666666665
3950,9706.T,日本空港ビルデング,0.5666666666666667,34,60,891358.3333333334,5197.166666666667
3956,9716.T,乃村工藝社,0.5666666666666667,34,60,416148.3333333333,868.2666666666667
3962,9726.T,ＫＮＴ－ＣＴホールディングス,0.6166666666666667,37,60,263023.3333333333,1053.7666666666667
3968,9735.T,セコム,0.65,39,60,537616.6666666666,9448.116666666667
3972,9743.T,丹青社,0.6333333333333333,38,60,415695.0,858.5166666666667
3979,9758.T,ジャパンシステム,0.8135593220338984,48,59,234991.07142857142,587.6607142857143
3985,9766.T,コナミホールディングス,0.6166666666666667,37,60,481993.3333333333,6889.166666666667
3993,9783.T,ベネッセホールディングス,0.6,36,60,449930.0,2337.15
4009,9827.T,リリカラ,0.6666666666666666,40,60,500773.3333333333,188.25
4013,9831.T,ヤマダホールディングス,0.6,36,60,4214646.666666667,564.9333333333333
4014,9832.T,オートバックスセブン,0.5,30,60,350155.0,1479.4
4017,9842.T,アークランドサカモト,0.6,36,60,251035.0,1664.0
4018,9843.T,ニトリホールディングス,0.5833333333333334,35,60,371645.0,20386.75
4028,9861.T,吉野家ホールディングス,0.6166666666666667,37,60,429600.0,2167.45
4034,9878.T,セキド,0.6833333333333333,41,60,263078.3333333333,1118.8833333333334
4047,9904.T,ベリテ,0.6833333333333333,41,60,244328.33333333334,402.06666666666666
4070,9962.T,ミスミグループ本社,0.55,33,60,745120.0,3293.1666666666665
4075,9972.T,アルテック,0.6166666666666667,37,60,375775.0,310.8666666666667
4076,9973.T,小僧寿し,0.65,39,60,3452038.3333333335,55.75
4080,9978.T,文教堂グループホールディングス,0.7666666666666667,46,60,564846.6666666666,85.13333333333334
4084,9983.T,ファーストリテイリング,0.55,33,60,712931.6666666666,93665.16666666667
4085,9984.T,ソフトバンクグループ,0.65,39,60,12553051.666666666,9933.566666666668
4087,9987.T,スズケン,0.75,45,60,229228.33333333334,4197.333333333333
4088,9989.T,サンドラッグ,0.6666666666666666,40,60,277601.6666666667,4078.4166666666665
4095,9997.T,ベルーナ,0.6833333333333333,41,60,239955.0,1183.7
